,prediction_layer,score
0,MLP_16_2,0.771689497716895
1,Random forest models,0.7917808219178082
