,prediction_layer,score
0,MLP_16_2,0.6310502283105023
1,Random forest models,0.7894977168949772
