,prediction_layer,score
0,MLP_16_2,0.806392694063927
1,Random forest models,0.7936073059360731
