,prediction_layer,score
0,MLP_16_2,0.8068669527896996
1,Random forest models,0.8111587982832618
