,prediction_layer,score
0,MLP_16_2,0.6849785407725322
1,Random forest models,0.7974248927038626
