,prediction_layer,score
0,MLP_16_2,0.8360515021459227
1,Random forest models,0.8618025751072962
