,prediction_layer,score
0,MLP_16_2,3.4779843171243887
1,Linear models,4.239408791914756
2,Random forest models,3.2688313849936006
3,XGB models,3.488074001736111
4,SK MLP models,3.4097898582175925
