,prediction_layer,score
0,MLP_16_2,3.8685879682337556
1,Linear models,4.309323775282192
2,Random forest models,3.4059715973424756
3,XGB models,3.56880859375
4,SK MLP models,3.860786675347222
