,prediction_layer,score
0,MLP_16_2,3.40334275835946
1,Linear models,3.9884996219252775
2,Random forest models,3.173167774922165
3,XGB models,3.2728374565972222
4,SK MLP models,3.931961443865741
