,prediction_layer,score
0,MLP_16_2,3.4307780446389646
1,Linear models,4.202149972417193
2,Random forest models,3.2660381688671514
3,XGB models,3.4557418258101853
4,SK MLP models,3.473642578125
