,prediction_layer,score
0,MLP_16_2,0.8278125320479951
1,Linear models,0.7855604553379141
2,Random forest models,0.8312993539124193
3,XGB models,0.8325299969233925
4,SK MLP models,0.8320172290021536
