,prediction_layer,score
0,MLP_16_2,0.5476719645892086
1,Random forest models,0.7021085856227705
,prediction_layer,score
0,MLP_16_2,0.741086603290813
1,Random forest models,0.7078422949778682
