,prediction_layer,score
0,MLP_16_2,0.4751958224543081
1,Random forest models,0.5274151436031331
