,prediction_layer,score
0,MLP_16_2,0.5248041775456919
1,Random forest models,0.5239338555265448
