,prediction_layer,score
0,MLP_16_2,0.8648648648648649
1,Linear models,0.8175675675675675
2,Random forest models,0.9013513513513514
3,XGB models,0.9
4,SK MLP models,0.8945945945945946
