,prediction_layer,score
0,MLP_16_2,0.5508363121332703
1,Random forest models,0.6749342415862952
