,prediction_layer,score
0,MLP_16_2,16.88477074939732
1,Random forest models,15.862043528175068
