,prediction_layer,score
0,MLP_16_2,16.990928233761203
1,Random forest models,16.54294871422652
