,prediction_layer,score
0,MLP_16_2,15.911848562742515
1,Random forest models,15.794608672849582
