,prediction_layer,score
0,MLP_16_2,17.155964283572718
1,Random forest models,16.807043475482654
