,prediction_layer,score
0,MLP_16_2,16.770016325139615
1,Random forest models,16.987946386405124
