,prediction_layer,score
0,MLP_16_2,16.709521197288954
1,Random forest models,16.649962332356044
