,prediction_layer,score
0,MLP_16_2,0.4502529510961214
1,Random forest models,0.6795952782462057
