,prediction_layer,score
0,MLP_16_2,0.5649241146711635
1,Random forest models,0.684654300168634
