,prediction_layer,score
0,MLP_16_2,0.4502529510961214
1,Random forest models,0.7369308600337268
