,prediction_layer,score
0,MLP_16_2,0.5389681668496158
1,Random forest models,0.8265642151481888
