,prediction_layer,score
0,MLP_16_2,0.4791437980241493
1,Random forest models,0.796377607025247
