,prediction_layer,score
0,MLP_16_2,0.5071350164654226
1,Random forest models,0.8572996706915478
