,prediction_layer,score
0,MLP_16_2,0.8707264957264957
1,Linear models,0.8269230769230769
2,Random forest models,0.9081196581196581
3,XGB models,0.905982905982906
4,SK MLP models,0.8760683760683761
