,prediction_layer,score
0,MLP_16_2,0.9529914529914529
1,Linear models,0.9113247863247863
2,Random forest models,0.9551282051282052
3,XGB models,0.9561965811965812
4,SK MLP models,0.9626068376068376
