,prediction_layer,score
0,MLP_16_2,0.9305555555555556
1,Linear models,0.8878205128205128
2,Random forest models,0.9508547008547008
3,XGB models,0.9529914529914529
4,SK MLP models,0.9529914529914529
