,prediction_layer,score
0,MLP_16_2,0.9209401709401709
1,Linear models,0.8279914529914529
2,Random forest models,0.9358974358974359
3,XGB models,0.9326923076923077
4,SK MLP models,0.9423076923076923
