,prediction_layer,score
0,MLP_16_2,0.9551282051282052
1,Linear models,0.9284188034188035
2,Random forest models,0.9647435897435898
3,XGB models,0.9551282051282052
4,SK MLP models,0.9615384615384616
