,prediction_layer,score
0,MLP_16_2,0.811965811965812
1,Linear models,0.811965811965812
2,Random forest models,0.811965811965812
3,XGB models,0.811965811965812
4,SK MLP models,0.8034188034188035
