,prediction_layer,score
0,MLP_16_2,3.307042669261702
1,Random forest models,3.223017368117491
