,prediction_layer,score
0,MLP_16_2,3.388456692463822
1,Random forest models,3.2532970904280627
