,prediction_layer,score
0,MLP_16_2,3.394532159420972
1,Random forest models,3.1502279939269955
