,prediction_layer,score
0,MLP_16_2,0.9036885245901639
1,Linear models,0.8907103825136612
2,Random forest models,0.9221311475409836
3,XGB models,0.9262295081967213
4,SK MLP models,0.9296448087431693
