,prediction_layer,score
0,MLP_16_2,0.8818306010928961
1,Linear models,0.8872950819672131
2,Random forest models,0.9146174863387978
3,XGB models,0.9200819672131147
4,SK MLP models,0.9166666666666666
