,prediction_layer,score
0,MLP_16_2,0.8565573770491803
1,Linear models,0.8265027322404371
2,Random forest models,0.8961748633879781
3,XGB models,0.8913934426229508
4,SK MLP models,0.8961748633879781
