,prediction_layer,score
0,MLP_16_2,0.89275956284153
1,Linear models,0.8907103825136612
2,Random forest models,0.9146174863387978
3,XGB models,0.9180327868852459
4,SK MLP models,0.9193989071038251
