,prediction_layer,score
0,MLP_16_2,0.6892076502732241
1,Linear models,0.46994535519125685
2,Random forest models,0.32581967213114754
3,XGB models,0.39959016393442626
4,SK MLP models,0.31079234972677594
