,prediction_layer,score
0,MLP_16_2,0.6892076502732241
1,Linear models,0.38729508196721313
2,Random forest models,0.6892076502732241
3,XGB models,0.4849726775956284
4,SK MLP models,0.31079234972677594
