,prediction_layer,score
0,MLP_16_2,0.6892076502732241
1,Linear models,0.39549180327868855
2,Random forest models,0.43306010928961747
3,XGB models,0.3722677595628415
4,SK MLP models,0.31079234972677594
