,prediction_layer,score
0,MLP_16_2,0.9269125683060109
1,Linear models,0.9118852459016393
2,Random forest models,0.9385245901639344
3,XGB models,0.9371584699453552
4,SK MLP models,0.9398907103825137
