,prediction_layer,score
0,MLP_16_2,9.56674451298184
1,Random forest models,3.284761480379502
