,prediction_layer,score
0,MLP_16_2,12.24629082745976
1,Random forest models,3.309035729755775
