,prediction_layer,score
0,MLP_16_2,9.933571945461962
1,Random forest models,3.142745559581289
