,prediction_layer,score
0,MLP_16_2,0.8526785714285714
1,Linear models,0.8334263392857143
2,Random forest models,0.8656529017857143
3,XGB models,0.8681640625
4,SK MLP models,0.8681640625
