,prediction_layer,score
0,MLP_16_2,0.8713727678571429
1,Linear models,0.8627232142857143
2,Random forest models,0.8768136160714286
3,XGB models,0.8765345982142857
4,SK MLP models,0.8765345982142857
