,prediction_layer,score
0,MLP_16_2,0.8644253503258175
1,Linear models,0.8643388501239836
2,Random forest models,0.8694711954327894
3,XGB models,0.8782653826192262
4,SK MLP models,0.8780058820137246
