,prediction_layer,score
0,MLP_16_2,0.8728158699036964
1,Linear models,0.8747477077446514
2,Random forest models,0.8763912115794937
3,XGB models,0.885358399169598
4,SK MLP models,0.8864829017934375
