,prediction_layer,score
0,MLP_16_2,6.400569732963213
1,Random forest models,3.531428616074529
