,prediction_layer,score
0,MLP_16_2,14.93279133401811
1,Random forest models,3.5391015775925228
