,prediction_layer,score
0,MLP_16_2,4.615770399684293
1,Random forest models,3.454995836862283
