,prediction_layer,score
0,MLP_16_2,4.539904077153235
1,Random forest models,4.437809080017482
