,prediction_layer,score
0,MLP_16_2,0.5067567567567568
1,Random forest models,0.8540540540540541
