,prediction_layer,score
0,MLP_16_2,0.49324324324324326
1,Random forest models,0.8337837837837838
