,prediction_layer,score
0,MLP_16_2,0.6417872556486418
1,Linear models,0.6309130913091309
2,Random forest models,0.6417872556486418
3,XGB models,0.6417872556486418
4,SK MLP models,0.6417872556486418
