,prediction_layer,score
0,MLP_16_2,0.6353558432766353
1,Linear models,0.6146230007616146
2,Random forest models,0.6411102648726411
3,XGB models,0.6411102648726411
4,SK MLP models,0.6411102648726411
