,prediction_layer,score
0,MLP_16_2,0.7567064398747567
1,Linear models,0.756029449098756
2,Random forest models,0.7372852669882373
3,XGB models,0.7733350258102734
4,SK MLP models,0.773081154269273
