,prediction_layer,score
0,MLP_16_2,0.7156427181179656
1,Linear models,0.7146695438774646
2,Random forest models,0.7212490479817213
3,XGB models,0.7509097063552509
4,SK MLP models,0.7421722941524922
