,prediction_layer,score
0,MLP_16_2,0.5292375391385292
1,Linear models,0.5038503850385039
2,Random forest models,0.48703139544723706
3,XGB models,0.48643902851823645
4,SK MLP models,0.4715240754844715
