,prediction_layer,score
0,MLP_16_2,0.5292375391385292
1,Linear models,0.5083354489295083
2,Random forest models,0.49268003723449266
3,XGB models,0.4836675975289837
4,SK MLP models,0.4707624608614708
