,prediction_layer,score
0,MLP_16_2,0.7567910637217568
1,Linear models,0.7651053566895151
2,Random forest models,0.7375602944909876
3,XGB models,0.7726368790725227
4,SK MLP models,0.7727003469577727
