,prediction_layer,score
0,MLP_16_2,0.4830430797433547
1,Random forest models,0.5912007332722273
