,prediction_layer,score
0,MLP_16_2,0.6066144473455178
1,Random forest models,0.5796344647519582
