,prediction_layer,score
0,MLP_16_2,0.5883376849434291
1,Random forest models,0.5761531766753699
