,prediction_layer,score
0,MLP_16_2,0.5918189730200174
1,Random forest models,0.5805047867711053
