,prediction_layer,score
0,MLP_16_2,0.7938034188034188
1,Linear models,0.7382478632478633
2,Random forest models,0.813034188034188
3,XGB models,0.811965811965812
4,SK MLP models,0.8087606837606838
