,prediction_layer,score
0,MLP_16_2,0.6004686012740097
1,Random forest models,0.7784882727649916
