,prediction_layer,score
0,MLP_16_2,0.7922712053571429
1,Linear models,0.6975446428571429
2,Random forest models,0.8140345982142857
3,XGB models,0.8172433035714286
4,SK MLP models,0.8115234375
