,prediction_layer,score
0,MLP_16_2,0.7064732142857143
1,Linear models,0.6162109375
2,Random forest models,0.8120814732142857
3,XGB models,0.8039899553571429
4,SK MLP models,0.7515345982142857
