,prediction_layer,score
0,MLP_16_2,0.8205915178571429
1,Linear models,0.7865513392857143
2,Random forest models,0.8381696428571429
3,XGB models,0.8390066964285714
4,SK MLP models,0.8405412946428571
