,prediction_layer,score
0,MLP_16_2,0.8060825892857143
1,Linear models,0.7589285714285714
2,Random forest models,0.8256138392857143
3,XGB models,0.8244977678571429
4,SK MLP models,0.8284040178571429
