,prediction_layer,score
0,MLP_16_2,0.8129185267857143
1,Linear models,0.7756696428571429
2,Random forest models,0.8293805803571429
3,XGB models,0.82421875
4,SK MLP models,0.8303571428571429
