,prediction_layer,score
0,MLP_16_2,0.8578404017857143
1,Linear models,0.8487723214285714
2,Random forest models,0.8755580357142857
3,XGB models,0.8776506696428571
4,SK MLP models,0.8696986607142857
