,prediction_layer,score
0,MLP_16_2,0.8557477678571429
1,Linear models,0.8406808035714286
2,Random forest models,0.8720703125
3,XGB models,0.8747209821428571
4,SK MLP models,0.8705357142857143
