,prediction_layer,score
0,MLP_16_2,0.5119977678571429
1,Linear models,0.5090680803571429
2,Random forest models,0.48800223214285715
3,XGB models,0.48800223214285715
4,SK MLP models,0.48800223214285715
