,prediction_layer,score
0,MLP_16_2,0.8497488839285714
1,Linear models,0.8289620535714286
2,Random forest models,0.8663504464285714
3,XGB models,0.86328125
4,SK MLP models,0.8577008928571429
