,prediction_layer,score
0,MLP_16_2,0.897806878586264
1,Linear models,0.8850635406765938
2,Random forest models,0.9279754989967262
3,XGB models,0.928327524905833
4,SK MLP models,0.9260745590875489
