,prediction_layer,score
0,MLP_16_2,0.48611257788573237
1,Linear models,0.5145562713415708
2,Random forest models,0.4962157214771007
3,XGB models,0.5124441158869293
4,SK MLP models,0.4854437286584293
