,prediction_layer,score
0,MLP_16_2,0.4854437286584293
1,Linear models,0.5145562713415708
2,Random forest models,0.4994191572499736
3,XGB models,0.48857675924948074
4,SK MLP models,0.4854437286584293
