,prediction_layer,score
0,MLP_16_2,0.7437200007470631
1,Linear models,0.7410118969799974
2,Random forest models,0.7079917075994995
3,XGB models,0.7560278654539342
4,SK MLP models,0.7547765347477728
