,prediction_layer,score
0,MLP_16_2,0.5948497854077254
1,Random forest models,0.7948497854077253
