,prediction_layer,score
0,MLP_16_2,0.5888412017167381
1,Random forest models,0.7785407725321889
