,prediction_layer,score
0,MLP_16_2,0.5819742489270386
1,Random forest models,0.8300429184549356
