,prediction_layer,score
0,MLP_16_2,77.8666146608042
1,Random forest models,16.470666503066855
