,prediction_layer,score
0,MLP_16_2,27.334849373471094
1,Random forest models,17.037705907456505
