,prediction_layer,score
0,MLP_16_2,25.37897802261101
1,Random forest models,16.801683117914315
