,prediction_layer,score
0,MLP_16_2,0.831399845320959
1,Linear models,0.8306264501160093
2,Random forest models,0.7989172467130704
3,XGB models,0.8174787316318639
4,SK MLP models,0.8259860788863109
