,prediction_layer,score
0,MLP_16_2,0.831399845320959
1,Linear models,0.831399845320959
2,Random forest models,0.8089713843774169
3,XGB models,0.822892498066512
4,SK MLP models,0.8306264501160093
