,prediction_layer,score
0,MLP_16_2,0.8669760247486465
1,Linear models,0.868522815158546
2,Random forest models,0.8708430007733952
3,XGB models,0.8677494199535963
4,SK MLP models,0.8762567672080434
