,prediction_layer,score
0,MLP_16_2,0.8623356535189481
1,Linear models,0.8700696055684455
2,Random forest models,0.8824439288476411
3,XGB models,0.8808971384377416
4,SK MLP models,0.8785769528228925
