,prediction_layer,score
0,MLP_16_2,0.8569218870843001
1,Linear models,0.8584686774941995
2,Random forest models,0.8747099767981439
3,XGB models,0.8561484918793504
4,SK MLP models,0.8708430007733952
