,prediction_layer,score
0,MLP_16_2,0.8631090487238979
1,Linear models,0.8646558391337974
2,Random forest models,0.8816705336426914
3,XGB models,0.880123743232792
4,SK MLP models,0.8700696055684455
