,prediction_layer,score
0,MLP_16_2,0.831399845320959
1,Linear models,0.831399845320959
2,Random forest models,0.168600154679041
3,XGB models,0.831399845320959
4,SK MLP models,0.831399845320959
