,prediction_layer,score
0,MLP_16_2,0.3982985305491106
1,Random forest models,0.7958236658932715
