,prediction_layer,score
0,MLP_16_2,0.6017014694508894
1,Random forest models,0.8267594740912606
