,prediction_layer,score
0,MLP_16_2,0.8094420600858369
1,Linear models,0.7708154506437769
2,Random forest models,0.8248927038626609
3,XGB models,0.8360515021459227
4,SK MLP models,0.8188841201716738
