,prediction_layer,score
0,MLP_16_2,0.39645071383880326
1,Random forest models,0.8213412206359137
