,prediction_layer,score
0,MLP_16_2,3.043649561247892
1,Random forest models,3.1423921343956
