,prediction_layer,score
0,MLP_16_2,3.1295188696485843
1,Random forest models,3.0023676594644644
