,prediction_layer,score
0,MLP_16_2,3.0251385308698646
1,Random forest models,2.8323661010238355
