,prediction_layer,score
0,MLP_16_2,0.6528884462151394
1,Linear models,0.6533864541832669
2,Random forest models,0.6528884462151394
3,XGB models,0.6528884462151394
4,SK MLP models,0.6598605577689243
