,prediction_layer,score
0,MLP_16_2,0.7913346613545816
1,Linear models,0.8092629482071713
2,Random forest models,0.8162350597609562
3,XGB models,0.8082669322709163
4,SK MLP models,0.8137450199203188
