,prediction_layer,score
0,MLP_16_2,0.7495019920318725
1,Linear models,0.7365537848605578
2,Random forest models,0.7818725099601593
3,XGB models,0.7709163346613546
4,SK MLP models,0.7788844621513944
