,prediction_layer,score
0,MLP_16_2,0.7036852589641435
1,Linear models,0.7320717131474104
2,Random forest models,0.795816733067729
3,XGB models,0.7888446215139442
4,SK MLP models,0.7788844621513944
