,prediction_layer,score
0,MLP_16_2,0.8232071713147411
1,Linear models,0.8132470119521913
2,Random forest models,0.829183266932271
3,XGB models,0.8167330677290837
4,SK MLP models,0.8142430278884463
