,prediction_layer,score
0,MLP_16_2,0.8197211155378487
1,Linear models,0.8256972111553785
2,Random forest models,0.8356573705179283
3,XGB models,0.8326693227091634
4,SK MLP models,0.8356573705179283
