,prediction_layer,score
0,MLP_16_2,0.5627490039840638
1,Linear models,0.43725099601593626
2,Random forest models,0.4586653386454183
3,XGB models,0.47858565737051795
4,SK MLP models,0.46115537848605576
