,prediction_layer,score
0,MLP_16_2,0.5627490039840638
1,Linear models,0.43675298804780877
2,Random forest models,0.4810756972111554
3,XGB models,0.47908366533864544
4,SK MLP models,0.45119521912350596
