,prediction_layer,score
0,MLP_16_2,0.5627490039840638
1,Linear models,0.44272908366533864
2,Random forest models,0.48854581673306774
3,XGB models,0.4681274900398406
4,SK MLP models,0.43725099601593626
