,prediction_layer,score
0,MLP_16_2,0.7875742348104157
1,Linear models,0.7756966651439013
2,Random forest models,0.7935130196436729
3,XGB models,0.7971676564641389
4,SK MLP models,0.79168570123344
