,prediction_layer,score
0,MLP_16_2,13.011527045754098
1,Random forest models,3.7512580661831336
