,prediction_layer,score
0,MLP_16_2,17.512901388936577
1,Random forest models,3.781413330613053
