,prediction_layer,score
0,MLP_16_2,9.69747044330256
1,Random forest models,3.7611588436757315
