,prediction_layer,score
0,MLP_16_2,3.496279281183339
1,Random forest models,3.107061324405712
