,prediction_layer,score
0,MLP_16_2,0.7713463654057714
1,Linear models,0.7711559617500211
2,Random forest models,0.7713463654057714
3,XGB models,0.7713463654057714
4,SK MLP models,0.7713886773292714
