,prediction_layer,score
0,MLP_16_2,0.801980198019802
1,Linear models,0.797918253363798
2,Random forest models,0.7773123466192773
3,XGB models,0.8057671151730558
4,SK MLP models,0.8052805280528053
