,prediction_layer,score
0,MLP_16_2,0.7986164001015487
1,Linear models,0.7936659050520437
2,Random forest models,0.7776931539307776
3,XGB models,0.802995684183803
4,SK MLP models,0.8053651518998054
