,prediction_layer,score
0,MLP_16_2,0.7967335195057967
1,Linear models,0.7901117034780402
2,Random forest models,0.7754506219852755
3,XGB models,0.8013878310908014
4,SK MLP models,0.8018532622493019
