,prediction_layer,score
0,MLP_16_2,0.7970297029702971
1,Linear models,0.7921003638825421
2,Random forest models,0.76992891596852
3,XGB models,0.8015147668613015
4,SK MLP models,0.8007743082000508
