,prediction_layer,score
0,MLP_16_2,0.7686384023017686
1,Linear models,0.7686384023017686
2,Random forest models,0.747059321316747
3,XGB models,0.7127231953964627
4,SK MLP models,0.7686384023017686
