,prediction_layer,score
0,MLP_16_2,0.7686384023017686
1,Linear models,0.7686384023017686
2,Random forest models,0.7657823474655158
3,XGB models,0.7281035795887281
4,SK MLP models,0.7686384023017686
