,prediction_layer,score
0,MLP_16_2,2.9516246526146843
1,Random forest models,2.7556779999427166
