,prediction_layer,score
0,MLP_16_2,0.8372066201487803
1,Linear models,0.8368606193414452
2,Random forest models,0.8629260134940315
3,XGB models,0.8653191857447667
4,SK MLP models,0.8630701804970878
