,prediction_layer,score
0,MLP_16_2,12.444217835828592
1,Linear models,12.45948756373246
2,Random forest models,11.292319613052626
3,XGB models,11.751263020833333
4,SK MLP models,12.080251012731482
