,prediction_layer,score
0,MLP_16_2,13.389461160395983
1,Linear models,12.697057572648758
2,Random forest models,12.262373977104325
3,XGB models,12.542973090277778
4,SK MLP models,13.215405092592592
