,prediction_layer,score
0,MLP_16_2,0.6002490660024906
1,Random forest models,0.6500622665006227
