,prediction_layer,score
0,MLP_16_2,0.5902864259028643
1,Random forest models,0.6326276463262764
