,prediction_layer,score
0,MLP_16_2,0.5927770859277709
1,Random forest models,0.676214196762142
