,prediction_layer,score
0,MLP_16_2,0.8704720087815587
1,Linear models,0.8512623490669594
2,Random forest models,0.8792535675082327
3,XGB models,0.8732162458836443
4,SK MLP models,0.8748627881448957
