,prediction_layer,score
0,MLP_16_2,0.6518574934416519
1,Linear models,0.6443048150968943
2,Random forest models,0.6518574934416519
3,XGB models,0.6518574934416519
4,SK MLP models,0.6518574934416519
