,prediction_layer,score
0,MLP_16_2,0.7804222729965304
1,Linear models,0.7774815943132775
2,Random forest models,0.8295464161800795
3,XGB models,0.8445671490225946
4,SK MLP models,0.8352373698908352
