,prediction_layer,score
0,MLP_16_2,0.6033468731488534
1,Linear models,0.6033468731488534
2,Random forest models,0.5671490225945671
3,XGB models,0.5313742912752814
4,SK MLP models,0.6033468731488534
