,prediction_layer,score
0,MLP_16_2,0.6033468731488534
1,Linear models,0.6033468731488534
2,Random forest models,0.5603156469493104
3,XGB models,0.534039942455784
4,SK MLP models,0.6033468731488534
