,prediction_layer,score
0,MLP_16_2,0.8381474103585658
1,Linear models,0.8207171314741036
2,Random forest models,0.8371513944223108
3,XGB models,0.8411354581673307
4,SK MLP models,0.8386454183266933
