,prediction_layer,score
0,MLP_16_2,0.858397365532382
1,Linear models,0.8721185510428101
2,Random forest models,0.8688254665203073
3,XGB models,0.8562019758507134
4,SK MLP models,0.8660812294182217
