,prediction_layer,score
0,MLP_16_2,0.8605927552140505
1,Linear models,0.8677277716794731
2,Random forest models,0.8688254665203073
3,XGB models,0.867178924259056
4,SK MLP models,0.8693743139407245
