,prediction_layer,score
0,MLP_16_2,0.8594950603732162
1,Linear models,0.8611416026344676
2,Random forest models,0.862788144895719
3,XGB models,0.8551042810098792
4,SK MLP models,0.8589462129527992
