,prediction_layer,score
0,MLP_16_2,0.8507135016465422
1,Linear models,0.8666300768386389
2,Random forest models,0.8638858397365532
3,XGB models,0.8594950603732162
4,SK MLP models,0.8633369923161361
