,prediction_layer,score
0,MLP_16_2,0.862788144895719
1,Linear models,0.862788144895719
2,Random forest models,0.8726673984632273
3,XGB models,0.8655323819978046
4,SK MLP models,0.8638858397365532
