,prediction_layer,score
0,MLP_16_2,3.353967200131673
1,Random forest models,3.5847783304059004
