,prediction_layer,score
0,MLP_16_2,3.5369586928385415
1,Random forest models,3.5167229730548315
