,prediction_layer,score
0,MLP_16_2,3.3698674670110145
1,Random forest models,3.5404276091123257
