,prediction_layer,score
0,MLP_16_2,0.5131129651142324
1,Random forest models,0.8299362833104517
