,prediction_layer,score
0,MLP_16_2,0.689922480620155
1,Random forest models,0.7643410852713178
