,prediction_layer,score
0,MLP_16_2,0.6558139534883721
1,Random forest models,0.7286821705426356
