,prediction_layer,score
0,MLP_16_2,0.7472868217054264
1,Random forest models,0.7674418604651163
