,prediction_layer,score
0,MLP_16_2,0.6505530451203885
1,Linear models,0.6505530451203885
2,Random forest models,0.6505530451203885
3,XGB models,0.6505530451203885
4,SK MLP models,0.6505530451203885
