,prediction_layer,score
0,MLP_16_2,0.751669252040197
1,Linear models,0.7523099750455251
2,Random forest models,0.7531867538949214
3,XGB models,0.8031125649153571
4,SK MLP models,0.7993356714102651
