,prediction_layer,score
0,MLP_16_2,0.761313819383557
1,Linear models,0.7628144601065624
2,Random forest models,0.7548897281985567
3,XGB models,0.8055068456194779
4,SK MLP models,0.8029270924664463
