,prediction_layer,score
0,MLP_16_2,0.801004923450462
1,Linear models,0.8030788426519188
2,Random forest models,0.7585654549133338
3,XGB models,0.8059789573076145
4,SK MLP models,0.8065016523909084
