,prediction_layer,score
0,MLP_16_2,0.850597609561753
1,Linear models,0.8540836653386454
2,Random forest models,0.8540836653386454
3,XGB models,0.8481075697211156
4,SK MLP models,0.8530876494023905
