,prediction_layer,score
0,MLP_16_2,0.8436254980079682
1,Linear models,0.8600597609561753
2,Random forest models,0.8625498007968128
3,XGB models,0.8550796812749004
4,SK MLP models,0.8580677290836654
