,prediction_layer,score
0,MLP_16_2,0.8097609561752988
1,Linear models,0.8097609561752988
2,Random forest models,0.8097609561752988
3,XGB models,0.7689243027888446
4,SK MLP models,0.8097609561752988
