,prediction_layer,score
0,MLP_16_2,14.884429189782178
1,Random forest models,13.960524222595534
