,prediction_layer,score
0,MLP_16_2,15.72778112024483
1,Random forest models,15.093621368217468
