,prediction_layer,score
0,MLP_16_2,14.014888987343898
1,Random forest models,13.135717287163745
