,prediction_layer,score
0,MLP_16_2,17.19059048561931
1,Linear models,16.794708518595606
2,Random forest models,17.51325779097309
3,XGB models,18.893761574074073
4,SK MLP models,16.91267361111111
