,prediction_layer,score
0,MLP_16_2,0.8592896174863388
1,Linear models,0.8360655737704918
2,Random forest models,0.8722677595628415
3,XGB models,0.8640710382513661
4,SK MLP models,0.8654371584699454
