,prediction_layer,score
0,MLP_16_2,4.22133385429152
1,Random forest models,3.1973209679430483
