,prediction_layer,score
0,MLP_16_2,3.871471443588402
1,Random forest models,3.213085048602143
