,prediction_layer,score
0,MLP_16_2,0.625
1,Linear models,0.6192528735632183
2,Random forest models,0.6839080459770115
3,XGB models,0.6810344827586207
4,SK MLP models,0.6580459770114943
