,prediction_layer,score
0,MLP_16_2,3.175333522218797
1,Random forest models,3.303291068820247
