,prediction_layer,score
0,MLP_16_2,3.3076455497079427
1,Random forest models,3.3259999066731543
