,prediction_layer,score
0,MLP_16_2,3.1048748585498993
1,Random forest models,3.234204331045898
