,prediction_layer,score
0,MLP_16_2,0.6135057471264368
1,Linear models,0.6221264367816092
2,Random forest models,0.7140804597701149
3,XGB models,0.7083333333333334
4,SK MLP models,0.6709770114942529
