,prediction_layer,score
0,MLP_16_2,0.6192528735632183
1,Linear models,0.6135057471264368
2,Random forest models,0.6839080459770115
3,XGB models,0.6781609195402298
4,SK MLP models,0.6206896551724138
