,prediction_layer,score
0,MLP_16_2,0.7083333333333334
1,Linear models,0.7212643678160919
2,Random forest models,0.771551724137931
3,XGB models,0.764367816091954
4,SK MLP models,0.6968390804597702
