,prediction_layer,score
0,MLP_16_2,0.8377512584926251
1,Linear models,0.8247967050374908
2,Random forest models,0.8398986165381772
3,XGB models,0.8470095399021368
4,SK MLP models,0.8447917766747632
