,prediction_layer,score
0,MLP_16_2,0.8414765940503953
1,Linear models,0.8264603833684091
2,Random forest models,0.8560377680450486
3,XGB models,0.8563790455605483
4,SK MLP models,0.8547864171548831
