,prediction_layer,score
0,MLP_16_2,0.5805699334508845
1,Linear models,0.5706160059154769
2,Random forest models,0.41988510323644845
3,XGB models,0.4194300665491155
4,SK MLP models,0.4194300665491155
