,prediction_layer,score
0,MLP_16_2,0.5805699334508845
1,Linear models,0.5394459928331722
2,Random forest models,0.4253455434844434
3,XGB models,0.4194300665491155
4,SK MLP models,0.42506114555486035
