,prediction_layer,score
0,MLP_16_2,9.857048074238831
1,Random forest models,3.920403251227182
