,prediction_layer,score
0,MLP_16_2,5.933612064810263
1,Random forest models,3.9849997395077223
