,prediction_layer,score
0,MLP_16_2,10.2469774208549
1,Random forest models,3.934726136630898
