,prediction_layer,score
0,MLP_16_2,0.5474330357142857
1,Random forest models,0.7751116071428571
