,prediction_layer,score
0,MLP_16_2,0.48800223214285715
1,Random forest models,0.8221261160714286
