,prediction_layer,score
0,MLP_16_2,0.7953693558618303
1,Linear models,0.7902658439536359
2,Random forest models,0.7938123522288218
3,XGB models,0.8024047056109798
4,SK MLP models,0.8001845337639121
