,prediction_layer,score
0,MLP_16_2,0.7827114929934836
1,Linear models,0.7701401303269708
2,Random forest models,0.782970993598985
3,XGB models,0.7908713453664725
4,SK MLP models,0.7915056801799204
