,prediction_layer,score
0,MLP_16_2,0.7312438729023701
1,Linear models,0.7312438729023701
2,Random forest models,0.5170693731618707
3,XGB models,0.40162043711435325
4,SK MLP models,0.6599677065913154
