,prediction_layer,score
0,MLP_16_2,0.7312438729023701
1,Linear models,0.7312438729023701
2,Random forest models,0.5618476443111701
3,XGB models,0.4308575053341791
4,SK MLP models,0.38129288968340924
