,prediction_layer,score
0,MLP_16_2,4.685334111437885
1,Linear models,5.30372169816905
2,Random forest models,4.403604293273897
3,XGB models,4.366966869212963
4,SK MLP models,4.668676938657407
