,prediction_layer,score
0,MLP_16_2,0.8539636960311763
1,Linear models,0.8278125320479951
2,Random forest models,0.8682186442416162
3,XGB models,0.8678084299046251
4,SK MLP models,0.8646292687929443
