,prediction_layer,score
0,MLP_16_2,0.7200839577282601
1,Linear models,0.6146730773924292
2,Random forest models,0.7232811851707222
3,XGB models,0.7232811851707222
4,SK MLP models,0.7230371220071754
