,prediction_layer,score
0,MLP_16_2,0.7239401557122983
1,Linear models,0.675957337759012
2,Random forest models,0.7247699704683572
3,XGB models,0.7247699704683572
4,SK MLP models,0.7245747199375199
