,prediction_layer,score
0,MLP_16_2,0.7971346984599614
1,Linear models,0.7958411636931638
2,Random forest models,0.788519268786762
3,XGB models,0.8091670124228151
4,SK MLP models,0.8082639787176922
