,prediction_layer,score
0,MLP_16_2,0.7540819564103189
1,Linear models,0.7618187586947502
2,Random forest models,0.773314133697801
3,XGB models,0.7848827276499158
4,SK MLP models,0.78307666023967
