,prediction_layer,score
0,MLP_16_2,0.5986381275474093
1,Linear models,0.5860688746247529
2,Random forest models,0.4589119664169087
3,XGB models,0.46091328435799184
4,SK MLP models,0.4110755863617504
