,prediction_layer,score
0,MLP_16_2,0.8051643765406488
1,Linear models,0.8019183364654773
2,Random forest models,0.7922290288726722
3,XGB models,0.8152929978278378
4,SK MLP models,0.8108266419349328
