,prediction_layer,score
0,MLP_16_2,0.8093378566372977
1,Linear models,0.7996485490444927
2,Random forest models,0.7948160984062675
3,XGB models,0.8170746589217289
4,SK MLP models,0.8152929978278378
