,prediction_layer,score
0,MLP_16_2,0.5986381275474093
1,Linear models,0.5766236301954946
2,Random forest models,0.4726283162082347
3,XGB models,0.40453469357869815
4,SK MLP models,0.40136187245259075
