,prediction_layer,score
0,MLP_16_2,0.9134934324001592
1,Linear models,0.9199946928486135
2,Random forest models,0.9344124541152536
3,XGB models,0.9310070319755871
4,SK MLP models,0.9317146521604529
