,prediction_layer,score
0,MLP_16_2,0.8030604572995445
1,Linear models,0.8030604572995445
2,Random forest models,0.7198266330547078
3,XGB models,0.6693644686214675
4,SK MLP models,0.8030604572995445
