,prediction_layer,score
0,MLP_16_2,0.8030604572995445
1,Linear models,0.8030604572995445
2,Random forest models,0.7367652912299323
3,XGB models,0.6989960638627217
4,SK MLP models,0.8030604572995445
