,prediction_layer,score
0,MLP_16_2,0.7906406781615823
1,Linear models,0.7171443400034601
2,Random forest models,0.7903235107548584
3,XGB models,0.7902658439536359
4,SK MLP models,0.7906118447609711
