,prediction_layer,score
0,MLP_16_2,0.7578571016665706
1,Linear models,0.5732945043538434
2,Random forest models,0.7591834380946889
3,XGB models,0.7591257712934664
4,SK MLP models,0.7588374372873536
