,prediction_layer,score
0,MLP_16_2,0.9130384637564154
1,Linear models,0.9118851277319647
2,Random forest models,0.9193818118908944
3,XGB models,0.925033158410703
4,SK MLP models,0.9233608211752494
