,prediction_layer,score
0,MLP_16_2,0.873738538723257
1,Linear models,0.8659535205582146
2,Random forest models,0.9124041289429675
3,XGB models,0.921919151144686
4,SK MLP models,0.9220056513465198
