,prediction_layer,score
0,MLP_16_2,0.5530822905253445
1,Linear models,0.5530822905253445
2,Random forest models,0.4966841589297042
3,XGB models,0.4751744420736982
4,SK MLP models,0.44864771351133154
