,prediction_layer,score
0,MLP_16_2,0.5530822905253445
1,Linear models,0.5530822905253445
2,Random forest models,0.47462660746208407
3,XGB models,0.48719797012859695
4,SK MLP models,0.4469177094746554
