,prediction_layer,score
0,MLP_16_2,0.5530822905253445
1,Linear models,0.5530822905253445
2,Random forest models,0.4858139668992561
3,XGB models,0.47595294389020243
4,SK MLP models,0.4471483766795456
