,prediction_layer,score
0,MLP_16_2,0.8163090128755365
1,Linear models,0.8042918454935623
2,Random forest models,0.8334763948497854
3,XGB models,0.8274678111587983
4,SK MLP models,0.8231759656652361
