,prediction_layer,score
0,MLP_16_2,0.8274678111587983
1,Linear models,0.8214592274678112
2,Random forest models,0.8429184549356223
3,XGB models,0.8497854077253219
4,SK MLP models,0.8420600858369098
