,prediction_layer,score
0,MLP_16_2,34.17929169529842
1,Random forest models,12.445429728290051
