,prediction_layer,score
0,MLP_16_2,20.93212367152726
1,Random forest models,13.4165532425702
