,prediction_layer,score
0,MLP_16_2,53.746646475725704
1,Random forest models,12.83158525194859
