,prediction_layer,score
0,MLP_16_2,0.4327316763739115
1,Random forest models,0.854160659708206
