,prediction_layer,score
0,MLP_16_2,0.5996518711923412
1,Linear models,0.608355091383812
2,Random forest models,0.5622280243690165
3,XGB models,0.5639686684073107
4,SK MLP models,0.6118363794604004
