,prediction_layer,score
0,MLP_16_2,0.4636752136752137
1,Random forest models,0.8247863247863247
