,prediction_layer,score
0,MLP_16_2,0.5502136752136753
1,Random forest models,0.8023504273504274
