,prediction_layer,score
0,MLP_16_2,0.45726495726495725
1,Random forest models,0.8600427350427351
