,prediction_layer,score
0,MLP_16_2,0.9358081979891725
1,Linear models,0.91415313225058
2,Random forest models,0.9435421500386698
3,XGB models,0.9381283836040216
4,SK MLP models,0.9419953596287703
