,prediction_layer,score
0,MLP_16_2,0.7331786542923434
1,Linear models,0.6589327146171694
2,Random forest models,0.5978344934261408
3,XGB models,0.5158546017014695
4,SK MLP models,0.2668213457076566
