,prediction_layer,score
0,MLP_16_2,0.7331786542923434
1,Linear models,0.5166279969064191
2,Random forest models,0.3750966744006187
3,XGB models,0.4648105181747873
4,SK MLP models,0.36504253673627224
