,prediction_layer,score
0,MLP_16_2,0.8122020972354623
1,Linear models,0.797902764537655
2,Random forest models,0.7759771210676835
3,XGB models,0.7855100095328885
4,SK MLP models,0.8036224976167778
