,prediction_layer,score
0,MLP_16_2,0.8798856053384175
1,Linear models,0.8627264061010487
2,Random forest models,0.909437559580553
3,XGB models,0.899904671115348
4,SK MLP models,0.8894184938036225
