,prediction_layer,score
0,MLP_16_2,0.8665395614871306
1,Linear models,0.8312678741658722
2,Random forest models,0.8674928503336511
3,XGB models,0.8541468064823642
4,SK MLP models,0.8703527168732126
