,prediction_layer,score
0,MLP_16_2,0.8007626310772163
1,Linear models,0.8007626310772163
2,Random forest models,0.778836987607245
3,XGB models,0.778836987607245
4,SK MLP models,0.8007626310772163
