,prediction_layer,score
0,MLP_16_2,0.44241616244487747
1,Random forest models,0.7874064198543739
