,prediction_layer,score
0,MLP_16_2,0.8216249236408063
1,Linear models,0.8240684178375076
2,Random forest models,0.8485033598045205
3,XGB models,0.8430054978619426
4,SK MLP models,0.8436163714111179
