,prediction_layer,score
0,MLP_16_2,0.7880268784361637
1,Linear models,0.7684789248625534
2,Random forest models,0.8210140500916311
3,XGB models,0.8094074526573
4,SK MLP models,0.8240684178375076
