,prediction_layer,score
0,MLP_16_2,0.6615760537568723
1,Linear models,0.5760537568723274
2,Random forest models,0.3488087965791081
3,XGB models,0.5009163103237629
4,SK MLP models,0.33842394624312766
