,prediction_layer,score
0,MLP_16_2,0.8234575442883323
1,Linear models,0.8356750152718387
2,Random forest models,0.8540012217470984
3,XGB models,0.8399511301160659
4,SK MLP models,0.83811850946854
