,prediction_layer,score
0,MLP_16_2,0.6615760537568723
1,Linear models,0.5027489309712889
2,Random forest models,0.3744654856444716
3,XGB models,0.4508246792913867
4,SK MLP models,0.33842394624312766
