,prediction_layer,score
0,MLP_16_2,0.6615760537568723
1,Linear models,0.5870494807574832
2,Random forest models,0.42272449602932194
3,XGB models,0.43005497861942577
4,SK MLP models,0.33842394624312766
