,prediction_layer,score
0,MLP_16_2,0.8589955065127126
1,Linear models,0.849496615664638
2,Random forest models,0.8641146692452079
3,XGB models,0.8653091405494568
4,SK MLP models,0.8594505432000455
