,prediction_layer,score
0,MLP_16_2,0.5074796655480348
1,Random forest models,0.812297366475172
