,prediction_layer,score
0,MLP_16_2,0.5637904556054832
1,Random forest models,0.8191797963710824
