,prediction_layer,score
0,MLP_16_2,0.7217537942664418
1,Random forest models,0.7504215851602024
