,prediction_layer,score
0,MLP_16_2,0.6677908937605397
1,Random forest models,0.7639123102866779
