,prediction_layer,score
0,MLP_16_2,0.7807757166947723
1,Random forest models,0.8381112984822934
