,prediction_layer,score
0,MLP_16_2,0.7621220764403879
1,Linear models,0.6447993915193002
2,Random forest models,0.8069975280471573
3,XGB models,0.8085187297965393
4,SK MLP models,0.7948279140521012
