,prediction_layer,score
0,MLP_16_2,0.8501616276858719
1,Linear models,0.8349496101920517
2,Random forest models,0.8695569499904925
3,XGB models,0.8720289028332383
4,SK MLP models,0.8621410914622551
