,prediction_layer,score
0,MLP_16_2,0.7794257463396083
1,Linear models,0.7857007035558091
2,Random forest models,0.8130823350446853
3,XGB models,0.8031945236737023
4,SK MLP models,0.8128921848260126
