,prediction_layer,score
0,MLP_16_2,0.814033086138049
1,Linear models,0.7771439437155353
2,Random forest models,0.8307663053812512
3,XGB models,0.8223996957596501
4,SK MLP models,0.8250617988210687
