,prediction_layer,score
0,MLP_16_2,0.8301958547252329
1,Linear models,0.84312606959498
2,Random forest models,0.8560562844647271
3,XGB models,0.8554858338087089
4,SK MLP models,0.8528237307472903
