,prediction_layer,score
0,MLP_16_2,0.5107434873550104
1,Linear models,0.4966723711732268
2,Random forest models,0.48925651264498954
3,XGB models,0.48925651264498954
4,SK MLP models,0.48925651264498954
