,prediction_layer,score
0,MLP_16_2,0.8629016923369461
1,Linear models,0.8436965202509983
2,Random forest models,0.8758319072066932
3,XGB models,0.8773531089560753
4,SK MLP models,0.8712683019585472
