,prediction_layer,score
0,MLP_16_2,6.945161989515958
1,Random forest models,6.729133443194444
