,prediction_layer,score
0,MLP_16_2,6.786307291145024
1,Random forest models,6.799087222065034
