,prediction_layer,score
0,MLP_16_2,0.4703462916279687
1,Random forest models,0.8076157622396178
