,prediction_layer,score
0,MLP_16_2,0.8463586233124168
1,Linear models,0.8237307472903593
2,Random forest models,0.8558661342460544
3,XGB models,0.8583380870888001
4,SK MLP models,0.8562464346833999
