,prediction_layer,score
0,MLP_16_2,0.869937250427838
1,Linear models,0.8579577866514546
2,Random forest models,0.8764023578627116
3,XGB models,0.8813462635482031
4,SK MLP models,0.8765925080813843
