,prediction_layer,score
0,MLP_16_2,4.064154798763293
1,Linear models,4.7707786412144095
2,Random forest models,3.9204008012018097
3,XGB models,3.9576142939814813
4,SK MLP models,6.293616898148148
