,prediction_layer,score
0,MLP_16_2,0.8729729729729729
1,Linear models,0.8324324324324325
2,Random forest models,0.9135135135135135
3,XGB models,0.9081081081081082
4,SK MLP models,0.9027027027027027
