,prediction_layer,score
0,MLP_16_2,0.6202702702702703
1,Linear models,0.7648648648648648
2,Random forest models,0.8810810810810811
3,XGB models,0.9027027027027027
4,SK MLP models,0.8783783783783784
