,prediction_layer,score
0,MLP_16_2,4.798356688767672
1,Random forest models,3.1574716548619794
