,prediction_layer,score
0,MLP_16_2,3.998426106825678
1,Random forest models,3.274266404547279
