,prediction_layer,score
0,MLP_16_2,5.310364350076352
1,Random forest models,3.128778007914827
