,prediction_layer,score
0,MLP_16_2,0.8356039004470729
1,Linear models,0.8302179040377372
2,Random forest models,0.8429260393564967
3,XGB models,0.8501425704931883
4,SK MLP models,0.8469039321294047
