,prediction_layer,score
0,MLP_16_2,0.7300905474336759
1,Linear models,0.6632660532545823
2,Random forest models,0.7299197032191931
3,XGB models,0.7299197032191931
4,SK MLP models,0.7301637663827398
