,prediction_layer,score
0,MLP_16_2,0.7230127156908208
1,Linear models,0.5872891904424865
2,Random forest models,0.7245259073048105
3,XGB models,0.7245259073048105
4,SK MLP models,0.7247455641520025
