,prediction_layer,score
0,MLP_16_2,0.8445561711370903
1,Linear models,0.8339394235228077
2,Random forest models,0.8770653845215142
3,XGB models,0.895565372318356
4,SK MLP models,0.894369462816977
