,prediction_layer,score
0,MLP_16_2,0.5822858955897786
1,Linear models,0.5822858955897786
2,Random forest models,0.5498743074707735
3,XGB models,0.46267053913552825
4,SK MLP models,0.41773851072657603
