,prediction_layer,score
0,MLP_16_2,0.8977863471066312
1,Linear models,0.9003490103238718
2,Random forest models,0.8934908354282088
3,XGB models,0.9070851536377614
4,SK MLP models,0.9069875283723428
