,prediction_layer,score
0,MLP_16_2,0.5822858955897786
1,Linear models,0.5822858955897786
2,Random forest models,0.5116540160593561
3,XGB models,0.47184731408488517
4,SK MLP models,0.5231737973787616
