,prediction_layer,score
0,MLP_16_2,3.1647409105621693
1,Random forest models,3.0815149226496006
