,prediction_layer,score
0,MLP_16_2,3.1196133758200126
1,Random forest models,3.086653008774135
