,prediction_layer,score
0,MLP_16_2,3.083095997597815
1,Random forest models,2.9917249462206703
