,prediction_layer,score
0,MLP_16_2,0.8436606291706387
1,Linear models,0.8436606291706387
2,Random forest models,0.797902764537655
3,XGB models,0.8265014299332698
4,SK MLP models,0.8436606291706387
