,prediction_layer,score
0,MLP_16_2,0.8817921830314586
1,Linear models,0.8684461391801716
2,Random forest models,0.9046711153479504
3,XGB models,0.8951382268827455
4,SK MLP models,0.880838894184938
