,prediction_layer,score
0,MLP_16_2,0.8484270734032412
1,Linear models,0.8474737845567207
2,Random forest models,0.880838894184938
3,XGB models,0.8732125834127741
4,SK MLP models,0.86558627264061
