,prediction_layer,score
0,MLP_16_2,0.8674928503336511
1,Linear models,0.877025738798856
2,Random forest models,0.9027645376549094
3,XGB models,0.9027645376549094
4,SK MLP models,0.877025738798856
