,prediction_layer,score
0,MLP_16_2,10.41966149441149
1,Linear models,10.494561159189844
2,Random forest models,10.450229091570447
3,XGB models,10.450316116898149
4,SK MLP models,10.686630497685185
