,prediction_layer,score
0,MLP_16_2,4.275558688871152
1,Random forest models,4.33891171751881
,prediction_layer,score
0,MLP_16_2,39.5291578221932
1,Random forest models,4.476136827437514
