,prediction_layer,score
0,MLP_16_2,5.455538666157783
1,Random forest models,5.531172649199158
