,prediction_layer,score
0,MLP_16_2,6.688089895683764
1,Random forest models,6.448544663926391
