,prediction_layer,score
0,MLP_16_2,6.055636825167424
1,Random forest models,6.222562422085341
