,prediction_layer,score
0,MLP_16_2,0.8994011976047904
1,Linear models,0.8946107784431138
2,Random forest models,0.9173652694610779
3,XGB models,0.9005988023952096
4,SK MLP models,0.9089820359281438
