,prediction_layer,score
0,MLP_16_2,0.9041916167664671
1,Linear models,0.8970059880239521
2,Random forest models,0.9137724550898204
3,XGB models,0.911377245508982
4,SK MLP models,0.9149700598802395
