,prediction_layer,score
0,MLP_16_2,0.9101796407185628
1,Linear models,0.9053892215568863
2,Random forest models,0.9233532934131736
3,XGB models,0.9161676646706587
4,SK MLP models,0.9161676646706587
