,prediction_layer,score
0,MLP_16_2,0.8622754491017964
1,Linear models,0.8838323353293414
2,Random forest models,0.8838323353293414
3,XGB models,0.895808383233533
4,SK MLP models,0.8994011976047904
