,prediction_layer,score
0,MLP_16_2,0.9245508982035928
1,Linear models,0.9089820359281438
2,Random forest models,0.9305389221556887
3,XGB models,0.9401197604790419
4,SK MLP models,0.9125748502994012
