,prediction_layer,score
0,MLP_16_2,3.133580807875842
1,Linear models,3.1006199163022554
2,Random forest models,3.103200329228191
3,XGB models,3.245015552662037
4,SK MLP models,3.1072272858796297
