,prediction_layer,score
0,MLP_16_2,0.6270491803278688
1,Random forest models,0.6372950819672131
