,prediction_layer,score
0,MLP_16_2,0.632172131147541
1,Random forest models,0.6403688524590164
