,prediction_layer,score
0,MLP_16_2,0.8240343347639485
1,Linear models,0.8257510729613734
2,Random forest models,0.7888412017167382
3,XGB models,0.7974248927038626
4,SK MLP models,0.8154506437768241
