,prediction_layer,score
0,MLP_16_2,0.8600858369098713
1,Linear models,0.8678111587982833
2,Random forest models,0.8721030042918455
3,XGB models,0.8781115879828326
4,SK MLP models,0.8763948497854077
