,prediction_layer,score
0,MLP_16_2,0.8257510729613734
1,Linear models,0.8257510729613734
2,Random forest models,0.8257510729613734
3,XGB models,0.8257510729613734
4,SK MLP models,0.8257510729613734
