,prediction_layer,score
0,MLP_16_2,0.8575107296137339
1,Linear models,0.871244635193133
2,Random forest models,0.8660944206008584
3,XGB models,0.8686695278969957
4,SK MLP models,0.8669527896995708
