,prediction_layer,score
0,MLP_16_2,0.8540772532188842
1,Linear models,0.8600858369098713
2,Random forest models,0.8918454935622318
3,XGB models,0.8927038626609443
4,SK MLP models,0.8849785407725322
