,prediction_layer,score
0,MLP_16_2,3.708351157094732
1,Random forest models,3.627332859785459
