,prediction_layer,score
0,MLP_16_2,3.9700840361301966
1,Random forest models,3.6994308342127
