,prediction_layer,score
0,MLP_16_2,3.4083191775509882
1,Random forest models,3.54939937223806
