,prediction_layer,score
0,MLP_16_2,3.5199865389408336
1,Random forest models,3.5251519031257663
