,prediction_layer,score
0,MLP_16_2,3.373329792275197
1,Random forest models,3.4960228186864186
