,prediction_layer,score
0,MLP_16_2,0.8271227855833843
1,Linear models,0.8271227855833843
2,Random forest models,0.8216249236408063
3,XGB models,0.8216249236408063
4,SK MLP models,0.8259010384850336
