,prediction_layer,score
0,MLP_16_2,0.8747709224190593
1,Linear models,0.8778252901649358
2,Random forest models,0.8814905314599878
3,XGB models,0.8839340256566891
4,SK MLP models,0.8766035430665852
