,prediction_layer,score
0,MLP_16_2,0.8271227855833843
1,Linear models,0.8271227855833843
2,Random forest models,0.8026878436163715
3,XGB models,0.8271227855833843
4,SK MLP models,0.8271227855833843
