,prediction_layer,score
0,MLP_16_2,0.8394808743169399
1,Linear models,0.842896174863388
2,Random forest models,0.8483606557377049
3,XGB models,0.8497267759562842
4,SK MLP models,0.8579234972677595
