,prediction_layer,score
0,MLP_16_2,0.8422131147540983
1,Linear models,0.855191256830601
2,Random forest models,0.8627049180327869
3,XGB models,0.8510928961748634
4,SK MLP models,0.8627049180327869
