,prediction_layer,score
0,MLP_16_2,0.694672131147541
1,Linear models,0.694672131147541
2,Random forest models,0.694672131147541
3,XGB models,0.5983606557377049
4,SK MLP models,0.305327868852459
