,prediction_layer,score
0,MLP_16_2,6.034385675920604
1,Linear models,6.561387075703392
2,Random forest models,5.234033305213423
3,XGB models,5.2223893229166665
4,SK MLP models,5.728587601273148
