,prediction_layer,score
0,MLP_16_2,0.8320526893523601
1,Linear models,0.8205268935236004
2,Random forest models,0.8578485181119648
3,XGB models,0.845225027442371
4,SK MLP models,0.8518111964873765
