,prediction_layer,score
0,MLP_16_2,0.7607025246981339
1,Linear models,0.7425905598243688
2,Random forest models,0.7930845225027442
3,XGB models,0.7892425905598244
4,SK MLP models,0.8035126234906695
