,prediction_layer,score
0,MLP_16_2,0.5861690450054885
1,Linear models,0.4138309549945115
2,Random forest models,0.44017563117453345
3,XGB models,0.433589462129528
4,SK MLP models,0.4138309549945115
