,prediction_layer,score
0,MLP_16_2,0.5861690450054885
1,Linear models,0.4138309549945115
2,Random forest models,0.5192096597145993
3,XGB models,0.4270032930845225
4,SK MLP models,0.4681668496158068
