,prediction_layer,score
0,MLP_16_2,0.8759604829857299
1,Linear models,0.8545554335894622
2,Random forest models,0.8748627881448957
3,XGB models,0.8688254665203073
4,SK MLP models,0.8732162458836443
