,prediction_layer,score
0,MLP_16_2,0.5861690450054885
1,Linear models,0.4138309549945115
2,Random forest models,0.4407244785949506
3,XGB models,0.4632272228320527
4,SK MLP models,0.43688254665203075
