,prediction_layer,score
0,MLP_16_2,0.6057187680929347
1,Linear models,0.6071008348430234
2,Random forest models,0.6071008348430234
3,XGB models,0.6071008348430234
4,SK MLP models,0.6071008348430234
