,prediction_layer,score
0,MLP_16_2,0.6085389313262238
1,Linear models,0.6085389313262238
2,Random forest models,0.6085389313262238
3,XGB models,0.6085389313262238
4,SK MLP models,0.6085389313262238
