,prediction_layer,score
0,MLP_16_2,0.7399846852062828
1,Linear models,0.7392189455204229
2,Random forest models,0.7082345031096502
3,XGB models,0.7553368320788899
4,SK MLP models,0.7542535905720635
