,prediction_layer,score
0,MLP_16_2,0.7456250116728611
1,Linear models,0.74317837999365
2,Random forest models,0.7091870085725491
3,XGB models,0.7561959546532694
4,SK MLP models,0.7566628690958669
