,prediction_layer,score
0,MLP_16_2,0.5484937340081804
1,Linear models,0.5484937340081804
2,Random forest models,0.5104868983807407
3,XGB models,0.49022281157200753
4,SK MLP models,0.5412658984367704
