,prediction_layer,score
0,MLP_16_2,0.745083390919448
1,Linear models,0.7473806099770278
2,Random forest models,0.7093924509272921
3,XGB models,0.7559344825654147
4,SK MLP models,0.754739181592365
