,prediction_layer,score
0,MLP_16_2,0.7521244607138188
1,Linear models,0.7526287283118241
2,Random forest models,0.7104196627010066
3,XGB models,0.7580449358459556
4,SK MLP models,0.7586612629101843
