,prediction_layer,score
0,MLP_16_2,0.5386081982840801
1,Random forest models,0.8207816968541468
