,prediction_layer,score
0,MLP_16_2,0.446139180171592
1,Random forest models,0.8179218303145853
