,prediction_layer,score
0,MLP_16_2,0.55767397521449
1,Random forest models,0.8350810295519543
