,prediction_layer,score
0,MLP_16_2,0.8193504351288322
1,Linear models,0.7834594164154485
2,Random forest models,0.8692907115636198
3,XGB models,0.868380638188954
4,SK MLP models,0.8568909618337979
