,prediction_layer,score
0,MLP_16_2,0.804049826517263
1,Linear models,0.7862465161253626
2,Random forest models,0.8600193390592117
3,XGB models,0.8590523860986292
4,SK MLP models,0.8318639440304875
