,prediction_layer,score
0,MLP_16_2,0.9260565383084011
1,Linear models,0.9176383595927422
2,Random forest models,0.9410158694044707
3,XGB models,0.9403901939593879
4,SK MLP models,0.9398213981002218
