,prediction_layer,score
0,MLP_16_2,0.9314032193845628
1,Linear models,0.926511574995734
2,Random forest models,0.9449974404186338
3,XGB models,0.9429497753256356
4,SK MLP models,0.9423240998805529
