,prediction_layer,score
0,MLP_16_2,0.7721972584039588
1,Linear models,0.7721972584039588
2,Random forest models,0.7696376770377111
3,XGB models,0.6819862351402082
4,SK MLP models,0.7314145953017462
