,prediction_layer,score
0,MLP_16_2,0.7411905516245996
1,Linear models,0.7310522054423205
2,Random forest models,0.7443939873974724
3,XGB models,0.7448164184884007
4,SK MLP models,0.745133241806597
