,prediction_layer,score
0,MLP_16_2,0.7845601436265709
1,Linear models,0.7774140176717006
2,Random forest models,0.7936424120815292
3,XGB models,0.7992044214454184
4,SK MLP models,0.8006829302636674
