,prediction_layer,score
0,MLP_16_2,0.7748794311261309
1,Linear models,0.76973985285317
2,Random forest models,0.7924103213996551
3,XGB models,0.8006829302636674
4,SK MLP models,0.8013165769000599
