,prediction_layer,score
0,MLP_16_2,0.7638610201710846
1,Linear models,0.7618192698982645
2,Random forest models,0.7809342767627697
3,XGB models,0.7816735311718942
4,SK MLP models,0.7837856866265357
