,prediction_layer,score
0,MLP_16_2,0.7058471503502658
1,Linear models,0.7058471503502658
2,Random forest models,0.5978456014362658
3,XGB models,0.6230506565283205
4,SK MLP models,0.7058471503502658
