,prediction_layer,score
0,MLP_16_2,0.7058471503502658
1,Linear models,0.6988418347590383
2,Random forest models,0.5148026894779456
3,XGB models,0.3793079170626958
4,SK MLP models,0.39891576019995073
