,prediction_layer,score
0,MLP_16_2,0.7368979700145947
1,Linear models,0.6389810269337933
2,Random forest models,0.7955419928353457
3,XGB models,0.7958958029277785
4,SK MLP models,0.7855026314625625
