,prediction_layer,score
0,MLP_16_2,0.7985936048825792
1,Linear models,0.7927557383574366
2,Random forest models,0.8292866304011322
3,XGB models,0.8318517535712706
4,SK MLP models,0.8341957454336385
