,prediction_layer,score
0,MLP_16_2,0.788908053602229
1,Linear models,0.792888417142099
2,Random forest models,0.82044137809031
3,XGB models,0.8257927557383574
4,SK MLP models,0.8244659678917341
