,prediction_layer,score
0,MLP_16_2,0.8481270178231834
1,Linear models,0.8320728848790412
2,Random forest models,0.859935429658131
3,XGB models,0.8622351952589448
4,SK MLP models,0.8542302419176507
