,prediction_layer,score
0,MLP_16_2,0.5524744593339525
1,Linear models,0.5270885852018928
2,Random forest models,0.4551324576533546
3,XGB models,0.44761399318915573
4,SK MLP models,0.4475255406660475
