,prediction_layer,score
0,MLP_16_2,0.5524744593339525
1,Linear models,0.541506346468533
2,Random forest models,0.4553535889611251
3,XGB models,0.44854274468179206
4,SK MLP models,0.4475255406660475
