,prediction_layer,score
0,MLP_16_2,0.8421122462518243
1,Linear models,0.8316306222635
2,Random forest models,0.8520631551014993
3,XGB models,0.8534341692096767
4,SK MLP models,0.8534783954712308
