,prediction_layer,score
0,MLP_16_2,0.7452740521702397
1,Linear models,0.6563171049389235
2,Random forest models,0.7751258492625057
3,XGB models,0.775090646671595
4,SK MLP models,0.7736473404442566
