,prediction_layer,score
0,MLP_16_2,0.7958601753089027
1,Linear models,0.7867075016721231
2,Random forest models,0.8186362516281198
3,XGB models,0.8209948252191361
4,SK MLP models,0.8160312599007287
