,prediction_layer,score
0,MLP_16_2,0.5131129651142324
1,Linear models,0.5083606153412891
2,Random forest models,0.48829513852219525
3,XGB models,0.48695744006758895
4,SK MLP models,0.48688703488576757
