,prediction_layer,score
0,MLP_16_2,0.5131129651142324
1,Linear models,0.5079381842503609
2,Random forest models,0.48896398774949834
3,XGB models,0.48688703488576757
4,SK MLP models,0.48688703488576757
