,prediction_layer,score
0,MLP_16_2,0.5131129651142324
1,Linear models,0.5025521878410251
2,Random forest models,0.4885415566585701
3,XGB models,0.48681662970394624
4,SK MLP models,0.48688703488576757
