,prediction_layer,score
0,MLP_16_2,0.7214113752633163
1,Linear models,0.6583659343966296
2,Random forest models,0.7205838098104123
3,XGB models,0.7364580198615709
4,SK MLP models,0.7331477580499549
