,prediction_layer,score
0,MLP_16_2,0.7917544387601565
1,Linear models,0.7406710803490821
2,Random forest models,0.8183869996990671
3,XGB models,0.8130454408666867
4,SK MLP models,0.8136473066506169
