,prediction_layer,score
0,MLP_16_2,0.7817484201023172
1,Linear models,0.7645200120373157
2,Random forest models,0.8386247366837195
3,XGB models,0.83215467950647
4,SK MLP models,0.8423863978332832
