,prediction_layer,score
0,MLP_16_2,0.5594342461631057
1,Linear models,0.4781071321095396
2,Random forest models,0.5193349383087571
3,XGB models,0.49187481191694254
4,SK MLP models,0.5594342461631057
