,prediction_layer,score
0,MLP_16_2,0.5135396518375241
1,Random forest models,0.5812379110251451
