,prediction_layer,score
0,MLP_16_2,0.4410058027079304
1,Random forest models,0.59284332688588
