,prediction_layer,score
0,MLP_16_2,0.8350810295519543
1,Linear models,0.8112488083889419
2,Random forest models,0.8751191611058151
3,XGB models,0.8570066730219257
4,SK MLP models,0.8474737845567207
