,prediction_layer,score
0,MLP_16_2,0.9408960915157293
1,Linear models,0.9056244041944709
2,Random forest models,0.9504289799809342
3,XGB models,0.9513822688274547
4,SK MLP models,0.9523355576739753
