,prediction_layer,score
0,MLP_16_2,0.9237368922783603
1,Linear models,0.8531935176358436
2,Random forest models,0.9418493803622497
3,XGB models,0.9370829361296473
4,SK MLP models,0.9332697807435653
