,prediction_layer,score
0,MLP_16_2,0.7893231649189705
1,Linear models,0.7893231649189705
2,Random forest models,0.7893231649189705
3,XGB models,0.786463298379409
4,SK MLP models,0.7893231649189705
