,prediction_layer,score
0,MLP_16_2,0.4143623119983813
1,Random forest models,0.6677345383422135
