,prediction_layer,score
0,MLP_16_2,6.684638343064595
1,Linear models,6.947957258006371
2,Random forest models,5.703882583601374
3,XGB models,5.559236111111111
4,SK MLP models,5.71284252025463
