,prediction_layer,score
0,MLP_16_2,0.8810810810810811
1,Linear models,0.8837837837837837
2,Random forest models,0.8770270270270271
3,XGB models,0.8675675675675676
4,SK MLP models,0.8824324324324324
