,prediction_layer,score
0,MLP_16_2,0.8810810810810811
1,Linear models,0.8810810810810811
2,Random forest models,0.8689189189189189
3,XGB models,0.8716216216216216
4,SK MLP models,0.8918918918918919
