,prediction_layer,score
0,MLP_16_2,0.9243243243243243
1,Linear models,0.9310810810810811
2,Random forest models,0.9527027027027027
3,XGB models,0.9513513513513514
4,SK MLP models,0.9364864864864865
