,prediction_layer,score
0,MLP_16_2,0.8783783783783784
1,Linear models,0.8864864864864865
2,Random forest models,0.9067567567567567
3,XGB models,0.9094594594594595
4,SK MLP models,0.9135135135135135
