,prediction_layer,score
0,MLP_16_2,0.9175675675675675
1,Linear models,0.9135135135135135
2,Random forest models,0.927027027027027
3,XGB models,0.9297297297297298
4,SK MLP models,0.9297297297297298
