,prediction_layer,score
0,MLP_16_2,0.9148648648648648
1,Linear models,0.9175675675675675
2,Random forest models,0.9351351351351351
3,XGB models,0.9216216216216216
4,SK MLP models,0.9216216216216216
