,prediction_layer,score
0,MLP_16_2,0.8203551912568307
1,Linear models,0.8217213114754098
2,Random forest models,0.8114754098360656
3,XGB models,0.8189890710382514
4,SK MLP models,0.8169398907103825
