,prediction_layer,score
0,MLP_16_2,0.8217213114754098
1,Linear models,0.8217213114754098
2,Random forest models,0.8183060109289617
3,XGB models,0.8169398907103825
4,SK MLP models,0.8210382513661202
