,prediction_layer,score
0,MLP_16_2,0.8715846994535519
1,Linear models,0.8681693989071039
2,Random forest models,0.8784153005464481
3,XGB models,0.875
4,SK MLP models,0.8668032786885246
