,prediction_layer,score
0,MLP_16_2,0.8654371584699454
1,Linear models,0.8640710382513661
2,Random forest models,0.860655737704918
3,XGB models,0.860655737704918
4,SK MLP models,0.8681693989071039
