,prediction_layer,score
0,MLP_16_2,0.85724043715847
1,Linear models,0.8538251366120219
2,Random forest models,0.8640710382513661
3,XGB models,0.8579234972677595
4,SK MLP models,0.8579234972677595
