,prediction_layer,score
0,MLP_16_2,0.8579234972677595
1,Linear models,0.8633879781420765
2,Random forest models,0.8729508196721312
3,XGB models,0.8763661202185792
4,SK MLP models,0.8743169398907104
