,prediction_layer,score
0,MLP_16_2,0.8613387978142076
1,Linear models,0.860655737704918
2,Random forest models,0.8777322404371585
3,XGB models,0.8736338797814208
4,SK MLP models,0.8627049180327869
