,prediction_layer,score
0,MLP_16_2,0.599200642474273
1,Linear models,0.599200642474273
2,Random forest models,0.599200642474273
3,XGB models,0.599200642474273
4,SK MLP models,0.599200642474273
