,prediction_layer,score
0,MLP_16_2,0.6755691687055264
1,Linear models,0.6733466559587621
2,Random forest models,0.6691631025530882
3,XGB models,0.6915376426423622
4,SK MLP models,0.6869618811049063
