,prediction_layer,score
0,MLP_16_2,0.6635601292419178
1,Linear models,0.6552864053190893
2,Random forest models,0.6637842481743645
3,XGB models,0.6884933604766262
4,SK MLP models,0.6877649739461741
