,prediction_layer,score
0,MLP_16_2,0.6646060175933362
1,Linear models,0.6598061371234335
2,Random forest models,0.6635227760865099
3,XGB models,0.6928823562370431
4,SK MLP models,0.6846833386250304
