,prediction_layer,score
0,MLP_16_2,0.4932670937377435
1,Linear models,0.5002708103767066
2,Random forest models,0.4958631380385858
3,XGB models,0.49763741292045643
4,SK MLP models,0.4932670937377435
