,prediction_layer,score
0,MLP_16_2,0.4932670937377435
1,Linear models,0.4947238667986478
2,Random forest models,0.495825784883178
3,XGB models,0.5003641932652261
4,SK MLP models,0.4958444614608819
