,prediction_layer,score
0,MLP_16_2,0.5067329062622565
1,Linear models,0.49681564350148477
2,Random forest models,0.5010739032179743
3,XGB models,0.4983471228732047
4,SK MLP models,0.4932670937377435
