,prediction_layer,score
0,MLP_16_2,3.9937970130251794
1,Random forest models,4.003940811163717
