,prediction_layer,score
0,MLP_16_2,3.330354168183274
1,Linear models,3.2819566909327276
2,Random forest models,3.212058671993416
3,XGB models,3.334947193287037
4,SK MLP models,3.286090133101852
