,prediction_layer,score
0,MLP_16_2,0.8326502732240437
1,Random forest models,0.8558743169398907
