,prediction_layer,score
0,MLP_16_2,0.7923497267759563
1,Random forest models,0.825136612021858
