,prediction_layer,score
0,MLP_16_2,0.8661202185792349
1,Random forest models,0.8879781420765027
