,prediction_layer,score
0,MLP_16_2,0.5939505041246563
1,Linear models,0.5939505041246563
2,Random forest models,0.5682859761686526
3,XGB models,0.5728689275893676
4,SK MLP models,0.5884509624197983
