,prediction_layer,score
0,MLP_16_2,0.6972111553784861
1,Linear models,0.7584661354581673
2,Random forest models,0.8127490039840638
3,XGB models,0.8002988047808764
4,SK MLP models,0.7898406374501992
