,prediction_layer,score
0,MLP_16_2,15.853138679277015
1,Random forest models,15.162755809621565
