,prediction_layer,score
0,MLP_16_2,16.230929744354
1,Random forest models,15.835207912585924
