,prediction_layer,score
0,MLP_16_2,15.446717609012568
1,Random forest models,15.292808434577573
