,prediction_layer,score
0,MLP_16_2,0.48887621220764405
1,Random forest models,0.7919756607720099
