,prediction_layer,score
0,MLP_16_2,0.49784209190149786
1,Random forest models,0.737983413725988
