,prediction_layer,score
0,MLP_16_2,3.2610092032907736
1,Linear models,3.0919242235211035
2,Random forest models,2.9025590525689577
3,XGB models,3.0542176649305555
4,SK MLP models,3.1209020543981483
