,prediction_layer,score
0,MLP_16_2,33.94971691769927
1,Random forest models,18.041519372224794
