,prediction_layer,score
0,MLP_16_2,61.84087142691705
1,Random forest models,18.704273186331314
