,prediction_layer,score
0,MLP_16_2,44.13520063269331
1,Random forest models,18.336028558907454
