,prediction_layer,score
0,MLP_16_2,13.388066972192656
1,Random forest models,12.158533227488265
