,prediction_layer,score
0,MLP_16_2,13.768518997606893
1,Random forest models,12.93918725328038
