,prediction_layer,score
0,MLP_16_2,12.098216257460708
1,Random forest models,11.135986506925784
