,prediction_layer,score
0,MLP_16_2,3.7107786792640884
1,Linear models,3.7051299008644287
2,Random forest models,3.9211084382607857
3,XGB models,3.8282902922453705
4,SK MLP models,3.7033998842592593
