,prediction_layer,score
0,MLP_16_2,0.7682403433476395
1,Linear models,0.7545064377682403
2,Random forest models,0.7862660944206008
3,XGB models,0.7914163090128755
4,SK MLP models,0.7665236051502146
