,prediction_layer,score
0,MLP_16_2,0.7854077253218884
1,Linear models,0.76137339055794
2,Random forest models,0.8171673819742489
3,XGB models,0.8154506437768241
4,SK MLP models,0.8103004291845494
