,prediction_layer,score
0,MLP_16_2,0.903862660944206
1,Linear models,0.8798283261802575
2,Random forest models,0.9373390557939915
3,XGB models,0.934763948497854
4,SK MLP models,0.9390557939914163
