,prediction_layer,score
0,MLP_16_2,0.9321888412017167
1,Linear models,0.8952789699570816
2,Random forest models,0.9424892703862661
3,XGB models,0.9467811158798283
4,SK MLP models,0.9424892703862661
