,prediction_layer,score
0,MLP_16_2,0.9201716738197425
1,Linear models,0.8248927038626609
2,Random forest models,0.9218884120171674
3,XGB models,0.9150214592274678
4,SK MLP models,0.9253218884120171
