,prediction_layer,score
0,MLP_16_2,0.7424892703862661
1,Linear models,0.6703862660944206
2,Random forest models,0.5081545064377683
3,XGB models,0.3982832618025751
4,SK MLP models,0.2575107296137339
