,prediction_layer,score
0,MLP_16_2,0.9424892703862661
1,Linear models,0.9133047210300429
2,Random forest models,0.951931330472103
3,XGB models,0.9545064377682403
4,SK MLP models,0.9553648068669528
