,prediction_layer,score
0,MLP_16_2,0.7424892703862661
1,Linear models,0.7424892703862661
2,Random forest models,0.6163090128755365
3,XGB models,0.3905579399141631
4,SK MLP models,0.5579399141630901
