,prediction_layer,score
0,MLP_16_2,0.5043635269334938
1,Random forest models,0.8128197411977129
