,prediction_layer,score
0,MLP_16_2,0.8513513513513513
1,Linear models,0.8513513513513513
2,Random forest models,0.8135135135135135
3,XGB models,0.8283783783783784
4,SK MLP models,0.8513513513513513
