,prediction_layer,score
0,MLP_16_2,0.8513513513513513
1,Linear models,0.8513513513513513
2,Random forest models,0.8216216216216217
3,XGB models,0.8108108108108109
4,SK MLP models,0.8472972972972973
