,prediction_layer,score
0,MLP_16_2,0.8729729729729729
1,Linear models,0.8729729729729729
2,Random forest models,0.9148648648648648
3,XGB models,0.9135135135135135
4,SK MLP models,0.8932432432432432
