,prediction_layer,score
0,MLP_16_2,0.8675675675675676
1,Linear models,0.8675675675675676
2,Random forest models,0.8878378378378379
3,XGB models,0.8891891891891892
4,SK MLP models,0.8864864864864865
