,prediction_layer,score
0,MLP_16_2,0.8621621621621621
1,Linear models,0.8729729729729729
2,Random forest models,0.8878378378378379
3,XGB models,0.8878378378378379
4,SK MLP models,0.8770270270270271
