,prediction_layer,score
0,MLP_16_2,0.8729729729729729
1,Linear models,0.8648648648648649
2,Random forest models,0.9
3,XGB models,0.8972972972972973
4,SK MLP models,0.8810810810810811
