,prediction_layer,score
0,MLP_16_2,0.7583184360763509
1,Linear models,0.6447148376679546
2,Random forest models,0.7666801222536186
3,XGB models,0.7669972896603425
4,SK MLP models,0.7626722795686524
