,prediction_layer,score
0,MLP_16_2,0.8501528170232397
1,Linear models,0.8477308113718932
2,Random forest models,0.8629548468946427
3,XGB models,0.8685485266132288
4,SK MLP models,0.8674528573900006
