,prediction_layer,score
0,MLP_16_2,0.8136785652499856
1,Linear models,0.8098437229686869
2,Random forest models,0.8467504757511101
3,XGB models,0.8462891413413298
4,SK MLP models,0.838677123579955
