,prediction_layer,score
0,MLP_16_2,0.5633758145435672
1,Linear models,0.5401360936508852
2,Random forest models,0.4653999192664783
3,XGB models,0.43671068565826654
4,SK MLP models,0.4366241854564327
