,prediction_layer,score
0,MLP_16_2,0.5633758145435672
1,Linear models,0.5433942679199585
2,Random forest models,0.4494838821290583
3,XGB models,0.4377198546796609
4,SK MLP models,0.43671068565826654
