,prediction_layer,score
0,MLP_16_2,42.3621792995026
1,Random forest models,13.475339687365512
