,prediction_layer,score
0,MLP_16_2,25.96566794425611
1,Random forest models,12.278986981572926
