,prediction_layer,score
0,MLP_16_2,25.62688903980216
1,Random forest models,12.631092181773926
