,prediction_layer,score
0,MLP_16_2,11.341564292336502
1,Random forest models,3.1170909541612706
