,prediction_layer,score
0,MLP_16_2,8.96808320466015
1,Random forest models,3.075074404160745
