,prediction_layer,score
0,MLP_16_2,8.668054832911324
1,Random forest models,2.9230907567144633
