,prediction_layer,score
0,MLP_16_2,3.276195647050109
1,Linear models,3.241953034864532
2,Random forest models,3.153839226668042
3,XGB models,3.2777763310185186
4,SK MLP models,3.223811125578704
