,prediction_layer,score
0,MLP_16_2,3.6853858124614556
1,Linear models,4.255697914629818
2,Random forest models,3.365738851656917
3,XGB models,3.5084563078703703
4,SK MLP models,4.989825665509259
