,prediction_layer,score
0,MLP_16_2,3.679997780862053
1,Linear models,4.396613418768786
2,Random forest models,3.5115149106159675
3,XGB models,3.642193287037037
4,SK MLP models,4.537163628472222
