,prediction_layer,score
0,MLP_16_2,3.6747851316299704
1,Random forest models,3.978300480538056
