,prediction_layer,score
0,MLP_16_2,3.704178652001752
1,Random forest models,3.9810422988952983
