,prediction_layer,score
0,MLP_16_2,3.705665629771021
1,Random forest models,3.9191023291845166
