,prediction_layer,score
0,MLP_16_2,0.8575342465753425
1,Linear models,0.860730593607306
2,Random forest models,0.8639269406392694
3,XGB models,0.8621004566210045
4,SK MLP models,0.8666666666666667
