,prediction_layer,score
0,MLP_16_2,0.8214611872146119
1,Linear models,0.8214611872146119
2,Random forest models,0.7808219178082192
3,XGB models,0.7831050228310502
4,SK MLP models,0.8214611872146119
