,prediction_layer,score
0,MLP_16_2,0.8529680365296803
1,Linear models,0.860730593607306
2,Random forest models,0.8493150684931506
3,XGB models,0.8525114155251141
4,SK MLP models,0.8525114155251141
