,prediction_layer,score
0,MLP_16_2,4.829365433027545
1,Random forest models,4.727424612432759
