,prediction_layer,score
0,MLP_16_2,0.790893760539629
1,Linear models,0.7942664418212478
2,Random forest models,0.8313659359190556
3,XGB models,0.8448566610455311
4,SK MLP models,0.7993254637436762
