,prediction_layer,score
0,MLP_16_2,0.8778443113772455
1,Linear models,0.8622754491017964
2,Random forest models,0.8946107784431138
3,XGB models,0.8910179640718563
4,SK MLP models,0.8802395209580839
