,prediction_layer,score
0,MLP_16_2,0.9245508982035928
1,Linear models,0.918562874251497
2,Random forest models,0.9568862275449102
3,XGB models,0.9580838323353293
4,SK MLP models,0.9616766467065868
