,prediction_layer,score
0,MLP_16_2,0.932934131736527
1,Linear models,0.9005988023952096
2,Random forest models,0.9437125748502994
3,XGB models,0.948502994011976
4,SK MLP models,0.9401197604790419
