,prediction_layer,score
0,MLP_16_2,0.8574850299401198
1,Linear models,0.8574850299401198
2,Random forest models,0.8574850299401198
3,XGB models,0.6850299401197605
4,SK MLP models,0.8574850299401198
