,prediction_layer,score
0,MLP_16_2,0.948502994011976
1,Linear models,0.9305389221556887
2,Random forest models,0.9652694610778443
3,XGB models,0.9616766467065868
4,SK MLP models,0.9676646706586827
