,prediction_layer,score
0,MLP_16_2,0.9664670658682635
1,Linear models,0.9544910179640719
2,Random forest models,0.9724550898203593
3,XGB models,0.9712574850299401
4,SK MLP models,0.9616766467065868
