,prediction_layer,score
0,MLP_16_2,0.8574850299401198
1,Linear models,0.8574850299401198
2,Random forest models,0.6287425149700598
3,XGB models,0.8574850299401198
4,SK MLP models,0.8574850299401198
