,prediction_layer,score
0,MLP_16_2,0.8528138528138528
1,Linear models,0.8380952380952381
2,Random forest models,0.8424242424242424
3,XGB models,0.8437229437229438
4,SK MLP models,0.8541125541125542
