,prediction_layer,score
0,MLP_16_2,0.8471861471861472
1,Linear models,0.8480519480519481
2,Random forest models,0.8329004329004329
3,XGB models,0.8445887445887446
4,SK MLP models,0.8510822510822511
