,prediction_layer,score
0,MLP_16_2,0.8545454545454545
1,Linear models,0.8536796536796537
2,Random forest models,0.8298701298701299
3,XGB models,0.8376623376623377
4,SK MLP models,0.8558441558441559
