,prediction_layer,score
0,MLP_16_2,0.8406926406926407
1,Linear models,0.8523809523809524
2,Random forest models,0.8424242424242424
3,XGB models,0.8337662337662337
4,SK MLP models,0.8497835497835498
