,prediction_layer,score
0,MLP_16_2,0.8510822510822511
1,Linear models,0.8545454545454545
2,Random forest models,0.841991341991342
3,XGB models,0.8454545454545455
4,SK MLP models,0.8523809523809524
