,prediction_layer,score
0,MLP_16_2,0.8121212121212121
1,Linear models,0.8121212121212121
2,Random forest models,0.7593073593073593
3,XGB models,0.754978354978355
4,SK MLP models,0.8121212121212121
