,prediction_layer,score
0,MLP_16_2,3.093757407843239
1,Random forest models,3.1422497814464325
