,prediction_layer,score
0,MLP_16_2,3.2525995624924287
1,Random forest models,3.1508308397167344
