,prediction_layer,score
0,MLP_16_2,3.1444445540559376
1,Random forest models,2.991716140235993
