,prediction_layer,score
0,MLP_16_2,3.8958676724577406
1,Random forest models,3.3056553464289338
