,prediction_layer,score
0,MLP_16_2,0.8347305389221557
1,Random forest models,0.8802395209580839
