,prediction_layer,score
0,MLP_16_2,0.7880239520958083
1,Random forest models,0.8550898203592814
