,prediction_layer,score
0,MLP_16_2,0.8898203592814371
1,Random forest models,0.918562874251497
