,prediction_layer,score
0,MLP_16_2,0.7589066598967589
1,Linear models,0.7524752475247525
2,Random forest models,0.7391681475839892
3,XGB models,0.7705001269357705
4,SK MLP models,0.7717060167555218
