,prediction_layer,score
0,MLP_16_2,0.8306010928961749
1,Linear models,0.8306010928961749
2,Random forest models,0.8736338797814208
3,XGB models,0.8620218579234973
4,SK MLP models,0.8640710382513661
