,prediction_layer,score
0,MLP_16_2,0.7800546448087432
1,Linear models,0.7561475409836066
2,Random forest models,0.828551912568306
3,XGB models,0.8237704918032787
4,SK MLP models,0.8060109289617486
