,prediction_layer,score
0,MLP_16_2,3.9263051155937374
1,Linear models,4.198254760986434
2,Random forest models,3.5052240195181485
3,XGB models,3.59315502025463
4,SK MLP models,4.087349175347223
