,prediction_layer,score
0,MLP_16_2,51.72625981894633
1,Random forest models,17.26014030339877
