,prediction_layer,score
0,MLP_16_2,26.43792778648712
1,Random forest models,17.34421896321362
