,prediction_layer,score
0,MLP_16_2,60.75923677628792
1,Random forest models,16.90413429201624
