,prediction_layer,score
0,MLP_16_2,0.8342633928571429
1,Linear models,0.8214285714285714
2,Random forest models,0.8663504464285714
3,XGB models,0.8641183035714286
4,SK MLP models,0.8630022321428571
