,prediction_layer,score
0,MLP_16_2,0.8236607142857143
1,Linear models,0.8053850446428571
2,Random forest models,0.8424944196428571
3,XGB models,0.8369140625
4,SK MLP models,0.8370535714285714
