,prediction_layer,score
0,MLP_16_2,0.8585379464285714
1,Linear models,0.8342633928571429
2,Random forest models,0.8893694196428571
3,XGB models,0.8840680803571429
4,SK MLP models,0.8731863839285714
