,prediction_layer,score
0,MLP_16_2,0.8503069196428571
1,Linear models,0.8228236607142857
2,Random forest models,0.8768136160714286
3,XGB models,0.8758370535714286
4,SK MLP models,0.8695591517857143
