,prediction_layer,score
0,MLP_16_2,3.5404912500176584
1,Random forest models,3.793824076903319
