,prediction_layer,score
0,MLP_16_2,3.6406803895253694
1,Random forest models,3.7565466179215163
