,prediction_layer,score
0,MLP_16_2,3.5568966709439547
1,Random forest models,3.7903573481695783
