,prediction_layer,score
0,MLP_16_2,0.8716216216216216
1,Random forest models,0.8986486486486487
