,prediction_layer,score
0,MLP_16_2,0.8364864864864865
1,Random forest models,0.8797297297297297
