,prediction_layer,score
0,MLP_16_2,0.9337837837837838
1,Random forest models,0.9418918918918919
