,prediction_layer,score
0,MLP_16_2,0.5647021509716856
1,Random forest models,0.8592065048151779
