,prediction_layer,score
0,MLP_16_2,0.7393658159319412
1,Linear models,0.7447795823665894
2,Random forest models,0.7347254447022429
3,XGB models,0.745552977571539
4,SK MLP models,0.745552977571539
