,prediction_layer,score
0,MLP_16_2,0.7362722351121423
1,Linear models,0.7339520494972931
2,Random forest models,0.7277648878576953
3,XGB models,0.7362722351121423
4,SK MLP models,0.7393658159319412
