,prediction_layer,score
0,MLP_16_2,0.8383604021655066
1,Linear models,0.8089713843774169
2,Random forest models,0.8553750966744006
3,XGB models,0.8321732405259087
4,SK MLP models,0.8491879350348028
