,prediction_layer,score
0,MLP_16_2,0.7354988399071926
1,Linear models,0.7354988399071926
2,Random forest models,0.4439288476411446
3,XGB models,0.27842227378190254
4,SK MLP models,0.26450116009280744
