,prediction_layer,score
0,MLP_16_2,0.7354988399071926
1,Linear models,0.7354988399071926
2,Random forest models,0.36272235112142304
3,XGB models,0.41608662026295434
4,SK MLP models,0.26450116009280744
