,prediction_layer,score
0,MLP_16_2,0.7397141619748809
1,Linear models,0.7405803378085751
2,Random forest models,0.747076656561282
3,XGB models,0.750974447812906
4,SK MLP models,0.75487223906453
