,prediction_layer,score
0,MLP_16_2,3.782629523706763
1,Linear models,4.482050770308694
2,Random forest models,3.58593005608653
3,XGB models,3.6188187210648146
4,SK MLP models,4.191625434027777
