,prediction_layer,score
0,MLP_16_2,0.5229885057471264
1,Random forest models,0.6436781609195402
