,prediction_layer,score
0,MLP_16_2,0.47844827586206895
1,Random forest models,0.6623563218390804
