,prediction_layer,score
0,MLP_16_2,0.521551724137931
1,Random forest models,0.7068965517241379
