,prediction_layer,score
0,MLP_16_2,0.5103373231773667
1,Random forest models,0.6093579978237215
