,prediction_layer,score
0,MLP_16_2,0.8312678741658722
1,Random forest models,0.8369876072449952
