,prediction_layer,score
0,MLP_16_2,0.7836034318398475
1,Random forest models,0.8293612964728313
