,prediction_layer,score
0,MLP_16_2,0.8541468064823642
1,Random forest models,0.8751191611058151
