,prediction_layer,score
0,MLP_16_2,14.131191795077864
1,Random forest models,13.140285088622413
