,prediction_layer,score
0,MLP_16_2,14.421992540830505
1,Random forest models,13.299739806475142
