,prediction_layer,score
0,MLP_16_2,13.077980321576577
1,Random forest models,11.908081695986615
