,prediction_layer,score
0,MLP_16_2,51.263232668648236
1,Random forest models,18.122437796044284
