,prediction_layer,score
0,MLP_16_2,35.06069956780101
1,Random forest models,18.31291507382827
