,prediction_layer,score
0,MLP_16_2,78.13849574951661
1,Random forest models,17.926458949291245
