,prediction_layer,score
0,MLP_16_2,0.4919495436365501
1,Random forest models,0.823402727925341
