,prediction_layer,score
0,MLP_16_2,3.3329483721198305
1,Random forest models,2.9285147094514894
