,prediction_layer,score
0,MLP_16_2,8.634888558607134
1,Random forest models,2.9439872090346055
