,prediction_layer,score
0,MLP_16_2,9.294742175688347
1,Random forest models,2.860395398912757
