,prediction_layer,score
0,MLP_16_2,0.7997949869426207
1,Linear models,0.7980377321650843
2,Random forest models,0.7924242794035097
3,XGB models,0.8143655578063603
4,SK MLP models,0.8140970883264589
