,prediction_layer,score
0,MLP_16_2,0.36390309960878725
1,Random forest models,0.8288444176948541
