,prediction_layer,score
0,MLP_16_2,0.7223814662440143
1,Linear models,0.7214709651311796
2,Random forest models,0.681611249747083
3,XGB models,0.7359209550145006
4,SK MLP models,0.7353982599312066
