,prediction_layer,score
0,MLP_16_2,0.7097356174546435
1,Linear models,0.7074425035408377
2,Random forest models,0.6810548324003507
3,XGB models,0.7340999527888312
4,SK MLP models,0.7273049167060093
