,prediction_layer,score
0,MLP_16_2,0.5756457564575646
1,Random forest models,0.7509225092250923
