,prediction_layer,score
0,MLP_16_2,0.4446494464944649
1,Random forest models,0.7158671586715867
