,prediction_layer,score
0,MLP_16_2,0.3966789667896679
1,Random forest models,0.7804428044280443
