,prediction_layer,score
0,MLP_16_2,0.5986460348162476
1,Linear models,0.6054158607350096
2,Random forest models,0.5735009671179884
3,XGB models,0.5618955512572534
4,SK MLP models,0.6092843326885881
