,prediction_layer,score
0,MLP_16_2,0.8375048403562502
1,Linear models,0.8270848734466857
2,Random forest models,0.8475375787657972
3,XGB models,0.8557045798570775
4,SK MLP models,0.847889604674904
