,prediction_layer,score
0,MLP_16_2,54.280412069373526
1,Random forest models,13.82851138217527
