,prediction_layer,score
0,MLP_16_2,45.328938354533854
1,Random forest models,13.947342903209558
