,prediction_layer,score
0,MLP_16_2,30.835017796662395
1,Random forest models,13.190050343762465
