,prediction_layer,score
0,MLP_16_2,3.301068980122606
1,Linear models,3.2923503026883636
2,Random forest models,3.323058358703975
3,XGB models,3.4413342737268517
4,SK MLP models,3.605249927662037
