,prediction_layer,score
0,MLP_16_2,3.3180962765744577
1,Linear models,3.0868675984442233
2,Random forest models,2.7937285888238144
3,XGB models,2.812742874710648
4,SK MLP models,3.1103862847222223
