,prediction_layer,score
0,MLP_16_2,0.8175594342461631
1,Linear models,0.787466145049654
2,Random forest models,0.8352392416491122
3,XGB models,0.834637375865182
4,SK MLP models,0.8377219380078242
