,prediction_layer,score
0,MLP_16_2,0.80781458311968
1,Linear models,0.7071069633883704
2,Random forest models,0.8262742282842785
3,XGB models,0.831812121833658
4,SK MLP models,0.8233001743410933
