,prediction_layer,score
0,MLP_16_2,0.8149933340170239
1,Linear models,0.7808429904625167
2,Random forest models,0.8279150856322428
3,XGB models,0.8258640139472875
4,SK MLP models,0.8278125320479951
