,prediction_layer,score
0,MLP_16_2,0.4919495436365501
1,Linear models,0.49451338324274435
2,Random forest models,0.4919495436365501
3,XGB models,0.4919495436365501
4,SK MLP models,0.4919495436365501
