,prediction_layer,score
0,MLP_16_2,0.8604245718387857
1,Linear models,0.8356066044508256
2,Random forest models,0.8748846272177213
3,XGB models,0.8724233411957748
4,SK MLP models,0.8720131268587837
