,prediction_layer,score
0,MLP_16_2,0.4919495436365501
1,Linear models,0.5028202235668137
2,Random forest models,0.4921546508050456
3,XGB models,0.4919495436365501
4,SK MLP models,0.4919495436365501
