,prediction_layer,score
0,MLP_16_2,3.4646512479314375
1,Linear models,3.3841457403989303
2,Random forest models,3.210272775835961
3,XGB models,3.302493851273148
4,SK MLP models,3.312881221064815
