,prediction_layer,score
0,MLP_16_2,0.7940848214285714
1,Linear models,0.6911272321428571
2,Random forest models,0.8751395089285714
3,XGB models,0.8712332589285714
4,SK MLP models,0.8413783482142857
