,prediction_layer,score
0,MLP_16_2,0.7271205357142857
1,Linear models,0.6873604910714286
2,Random forest models,0.8722098214285714
3,XGB models,0.8484933035714286
4,SK MLP models,0.7963169642857143
