,prediction_layer,score
0,MLP_16_2,0.9231305803571429
1,Linear models,0.9289899553571429
2,Random forest models,0.9490792410714286
3,XGB models,0.9499162946428571
4,SK MLP models,0.9441964285714286
