,prediction_layer,score
0,MLP_16_2,0.8604910714285714
1,Linear models,0.8295200892857143
2,Random forest models,0.8747209821428571
3,XGB models,0.8733258928571429
4,SK MLP models,0.8747209821428571
