,prediction_layer,score
0,MLP_16_2,0.8540736607142857
1,Linear models,0.8344029017857143
2,Random forest models,0.8791852678571429
3,XGB models,0.8800223214285714
4,SK MLP models,0.8783482142857143
