,prediction_layer,score
0,MLP_16_2,0.6019810267857143
1,Linear models,0.6019810267857143
2,Random forest models,0.5920758928571429
3,XGB models,0.5142299107142857
4,SK MLP models,0.6019810267857143
