,prediction_layer,score
0,MLP_16_2,0.9494977678571429
1,Linear models,0.9529854910714286
2,Random forest models,0.9612165178571429
3,XGB models,0.9633091517857143
4,SK MLP models,0.9585658482142857
