,prediction_layer,score
0,MLP_16_2,0.9471261160714286
1,Linear models,0.943359375
2,Random forest models,0.9563337053571429
3,XGB models,0.9538225446428571
4,SK MLP models,0.9553571428571429
