,prediction_layer,score
0,MLP_16_2,0.6019810267857143
1,Linear models,0.6019810267857143
2,Random forest models,0.4956752232142857
3,XGB models,0.4613560267857143
4,SK MLP models,0.5101841517857143
