,prediction_layer,score
0,MLP_16_2,0.5892215568862276
1,Linear models,0.8023952095808383
2,Random forest models,0.874251497005988
3,XGB models,0.8467065868263473
4,SK MLP models,0.8502994011976048
