,prediction_layer,score
0,MLP_16_2,0.888622754491018
1,Linear models,0.874251497005988
2,Random forest models,0.9041916167664671
3,XGB models,0.9101796407185628
4,SK MLP models,0.8970059880239521
