,prediction_layer,score
0,MLP_16_2,0.811291569992266
1,Random forest models,0.8391337973704563
