,prediction_layer,score
0,MLP_16_2,0.7254447022428461
1,Random forest models,0.7965970610982211
