,prediction_layer,score
0,MLP_16_2,0.8368136117556071
1,Random forest models,0.851508120649652
