,prediction_layer,score
0,MLP_16_2,0.8185705558949298
1,Random forest models,0.8491142333536957
