,prediction_layer,score
0,MLP_16_2,0.7458766035430666
1,Random forest models,0.8069639584605987
