,prediction_layer,score
0,MLP_16_2,0.8430054978619426
1,Random forest models,0.8637751985339035
