,prediction_layer,score
0,MLP_16_2,0.6167247386759582
1,Random forest models,0.6771196283391405
