,prediction_layer,score
0,MLP_16_2,0.6120789779326364
1,Random forest models,0.6538908246225319
