,prediction_layer,score
0,MLP_16_2,0.629500580720093
1,Random forest models,0.686411149825784
