,prediction_layer,score
0,MLP_16_2,0.8299661573171982
1,Linear models,0.8296584965644549
2,Random forest models,0.8103784227258742
3,XGB models,0.8241206030150754
4,SK MLP models,0.817146959286227
