,prediction_layer,score
0,MLP_16_2,0.864321608040201
1,Linear models,0.8459645164598503
2,Random forest models,0.8873961644959492
3,XGB models,0.8799097528458619
4,SK MLP models,0.8806276279355963
