,prediction_layer,score
0,MLP_16_2,0.8531432673571941
1,Linear models,0.8402215157419752
2,Random forest models,0.881242949441083
3,XGB models,0.8748846272177213
4,SK MLP models,0.8718080196902882
