,prediction_layer,score
0,MLP_16_2,0.8506819813352476
1,Linear models,0.8382729976412676
2,Random forest models,0.8718080196902882
3,XGB models,0.8657573582196698
4,SK MLP models,0.8661675725566609
