,prediction_layer,score
0,MLP_16_2,0.8305814788226848
1,Linear models,0.8305814788226848
2,Random forest models,0.8296584965644549
3,XGB models,0.6936724438519126
4,SK MLP models,0.8305814788226848
