,prediction_layer,score
0,MLP_16_2,0.8551943390421495
1,Linear models,0.8423751410111784
2,Random forest models,0.8800123064301097
3,XGB models,0.8753973951389601
4,SK MLP models,0.8721156804430314
