,prediction_layer,score
0,MLP_16_2,3.3125439195376303
1,Linear models,3.2619677661762885
2,Random forest models,3.160317833362164
3,XGB models,3.3048842592592593
4,SK MLP models,3.281042751736111
