,prediction_layer,score
0,MLP_16_2,3.8032123502395634
1,Linear models,3.8079872551374137
2,Random forest models,4.674175584390759
3,XGB models,4.382534722222222
4,SK MLP models,3.7763328269675926
