,prediction_layer,score
0,MLP_16_2,3.2977376483691234
1,Linear models,3.2699711186190448
2,Random forest models,3.18663765524963
3,XGB models,3.3207685908564817
4,SK MLP models,3.2465125868055558
