,prediction_layer,score
0,MLP_16_2,5.407542912959095
1,Random forest models,5.405791625203986
