,prediction_layer,score
0,MLP_16_2,0.4733606557377049
1,Random forest models,0.6424180327868853
