,prediction_layer,score
0,MLP_16_2,0.48463114754098363
1,Random forest models,0.6024590163934426
