,prediction_layer,score
0,MLP_16_2,0.8066094078835107
1,Linear models,0.7827199817985325
2,Random forest models,0.8499516523519709
3,XGB models,0.8450600079631421
4,SK MLP models,0.839315169785564
