,prediction_layer,score
0,MLP_16_2,0.7701495933109607
1,Linear models,0.750639895341562
2,Random forest models,0.8087139525624254
3,XGB models,0.8016608839087651
4,SK MLP models,0.804049826517263
