,prediction_layer,score
0,MLP_16_2,0.7716284625447927
1,Linear models,0.7476252772879813
2,Random forest models,0.8060406120243445
3,XGB models,0.8071782037426768
4,SK MLP models,0.8124111256470052
