,prediction_layer,score
0,MLP_16_2,0.6169728684375178
1,Linear models,0.5616290313406518
2,Random forest models,0.48285080484614074
3,XGB models,0.5526989363517434
4,SK MLP models,0.38302713156248225
