,prediction_layer,score
0,MLP_16_2,0.6169728684375178
1,Linear models,0.48723053296172003
2,Random forest models,0.44843865536658895
3,XGB models,0.43939480120584723
4,SK MLP models,0.6169728684375178
