,prediction_layer,score
0,MLP_16_2,0.5054192812321734
1,Random forest models,0.7984407682068835
