,prediction_layer,score
0,MLP_16_2,0.3413196425175889
1,Random forest models,0.8222095455409774
