,prediction_layer,score
0,MLP_16_2,0.7647841795018064
1,Linear models,0.7575584711922418
2,Random forest models,0.740635101730367
3,XGB models,0.7528047157254231
4,SK MLP models,0.7484312606959498
