,prediction_layer,score
0,MLP_16_2,0.7921658109906826
1,Linear models,0.7741015402167712
2,Random forest models,0.8305761551625784
3,XGB models,0.8241110477277049
4,SK MLP models,0.8155542878874311
