,prediction_layer,score
0,MLP_16_2,0.7607910249096786
1,Linear models,0.7607910249096786
2,Random forest models,0.49020726373835327
3,XGB models,0.7550865183494961
4,SK MLP models,0.5689294542688724
