,prediction_layer,score
0,MLP_16_2,0.7607910249096786
1,Linear models,0.7518539646320593
2,Random forest models,0.5974519870697851
3,XGB models,0.7166761741776003
4,SK MLP models,0.7607910249096786
