,prediction_layer,score
0,MLP_16_2,0.8406541167522342
1,Linear models,0.8011028712683019
2,Random forest models,0.872979653926602
3,XGB models,0.8697471002091652
4,SK MLP models,0.8570070355580909
