,prediction_layer,score
0,MLP_16_2,11.836575256791138
1,Random forest models,10.739769630192763
