,prediction_layer,score
0,MLP_16_2,13.132695892200356
1,Random forest models,11.720536264339618
