,prediction_layer,score
0,MLP_16_2,10.946304132359067
1,Random forest models,10.184730430546969
