,prediction_layer,score
0,MLP_16_2,0.6470319634703197
1,Linear models,0.6470319634703197
2,Random forest models,0.6470319634703197
3,XGB models,0.6470319634703197
4,SK MLP models,0.6470319634703197
