,prediction_layer,score
0,MLP_16_2,0.7264840182648402
1,Linear models,0.7178082191780822
2,Random forest models,0.7726027397260274
3,XGB models,0.7593607305936073
4,SK MLP models,0.7643835616438356
