,prediction_layer,score
0,MLP_16_2,0.7547945205479452
1,Linear models,0.7570776255707763
2,Random forest models,0.7858447488584475
3,XGB models,0.7840182648401827
4,SK MLP models,0.7808219178082192
