,prediction_layer,score
0,MLP_16_2,0.7936073059360731
1,Linear models,0.8045662100456621
2,Random forest models,0.7977168949771689
3,XGB models,0.7949771689497717
4,SK MLP models,0.8091324200913242
