,prediction_layer,score
0,MLP_16_2,0.5470319634703197
1,Linear models,0.4940639269406393
2,Random forest models,0.4908675799086758
3,XGB models,0.4863013698630137
4,SK MLP models,0.4863013698630137
