,prediction_layer,score
0,MLP_16_2,0.5047814207650273
1,Random forest models,0.8278688524590164
