,prediction_layer,score
0,MLP_16_2,0.4952185792349727
1,Random forest models,0.8114754098360656
