,prediction_layer,score
0,MLP_16_2,5.331948745660259
1,Random forest models,5.386483558956733
