,prediction_layer,score
0,MLP_16_2,6.013176827794975
1,Random forest models,3.4808107464822293
