,prediction_layer,score
0,MLP_16_2,4.417700845137652
1,Random forest models,3.518621822795868
