,prediction_layer,score
0,MLP_16_2,6.886571675456232
1,Random forest models,3.450219275892302
