,prediction_layer,score
0,MLP_16_2,0.6214196762141968
1,Linear models,0.6102117061021171
2,Random forest models,0.6724782067247821
3,XGB models,0.6612702366127023
4,SK MLP models,0.6450809464508095
