,prediction_layer,score
0,MLP_16_2,0.7712194296352712
1,Linear models,0.7739697046627739
2,Random forest models,0.740987560294491
3,XGB models,0.7784759245155285
4,SK MLP models,0.7758948971820259
