,prediction_layer,score
0,MLP_16_2,0.5952121871599565
1,Linear models,0.6039173014145811
2,Random forest models,0.6137105549510338
3,XGB models,0.6191512513601741
4,SK MLP models,0.6126224156692056
