,prediction_layer,score
0,MLP_16_2,39.901082051575045
1,Random forest models,14.927718578119071
