,prediction_layer,score
0,MLP_16_2,71.84387130222248
1,Random forest models,15.214173062215627
