,prediction_layer,score
0,MLP_16_2,41.51028557282321
1,Random forest models,15.828122935798119
