,prediction_layer,score
0,MLP_16_2,3.6911530385570446
1,Random forest models,3.5342262462512277
