,prediction_layer,score
0,MLP_16_2,0.8041095890410959
1,Linear models,0.8054794520547945
2,Random forest models,0.7858447488584475
3,XGB models,0.7853881278538812
4,SK MLP models,0.7963470319634703
