,prediction_layer,score
0,MLP_16_2,0.5694063926940639
1,Linear models,0.5424657534246575
2,Random forest models,0.5073059360730594
3,XGB models,0.5136986301369864
4,SK MLP models,0.5278538812785388
