,prediction_layer,score
0,MLP_16_2,0.5694063926940639
1,Linear models,0.5625570776255707
2,Random forest models,0.5168949771689497
3,XGB models,0.4977168949771689
4,SK MLP models,0.5287671232876713
