,prediction_layer,score
0,MLP_16_2,0.5694063926940639
1,Linear models,0.5694063926940639
2,Random forest models,0.5374429223744293
3,XGB models,0.5036529680365297
4,SK MLP models,0.5557077625570777
