,prediction_layer,score
0,MLP_16_2,0.7908675799086758
1,Linear models,0.8
2,Random forest models,0.7817351598173516
3,XGB models,0.7780821917808219
4,SK MLP models,0.8009132420091324
