,prediction_layer,score
0,MLP_16_2,0.6510695187165776
1,Linear models,0.6417112299465241
2,Random forest models,0.6764705882352942
3,XGB models,0.6831550802139037
4,SK MLP models,0.6537433155080213
