,prediction_layer,score
0,MLP_16_2,0.5147058823529411
1,Random forest models,0.6858288770053476
