,prediction_layer,score
0,MLP_16_2,0.4852941176470588
1,Random forest models,0.6577540106951871
