,prediction_layer,score
0,MLP_16_2,0.5168408826945412
1,Random forest models,0.6364692218350755
