,prediction_layer,score
0,MLP_16_2,8.738766975907815
1,Random forest models,2.8336735066640077
