,prediction_layer,score
0,MLP_16_2,3.3686479788946193
1,Random forest models,2.902413606530417
