,prediction_layer,score
0,MLP_16_2,3.6191982438270416
1,Random forest models,2.713704729275896
