,prediction_layer,score
0,MLP_16_2,6.6696827737649516
1,Linear models,7.033546382738573
2,Random forest models,6.382768280532532
3,XGB models,6.160979456018518
4,SK MLP models,6.7983629918981485
