,prediction_layer,score
0,MLP_16_2,8.094703545270042
1,Linear models,7.792168579288412
2,Random forest models,6.522282838526127
3,XGB models,6.36468822337963
4,SK MLP models,6.9560358796296295
