,prediction_layer,score
0,MLP_16_2,3.07677554745848
1,Random forest models,3.041694052642889
