,prediction_layer,score
0,MLP_16_2,3.0840591243519966
1,Random forest models,2.9590628963138155
