,prediction_layer,score
0,MLP_16_2,3.102646430167887
1,Random forest models,2.9591523601603087
