,prediction_layer,score
0,MLP_16_2,0.7053449063499315
1,Linear models,0.7555961626313386
2,Random forest models,0.7798081315669255
3,XGB models,0.7894015532206486
4,SK MLP models,0.7724988579259936
