,prediction_layer,score
0,MLP_16_2,7.451749214040158
1,Random forest models,7.4646069786553655
