,prediction_layer,score
0,MLP_16_2,7.528381449025038
1,Random forest models,7.439080925417673
