,prediction_layer,score
0,MLP_16_2,0.7403955699157686
1,Linear models,0.7401340978279141
2,Random forest models,0.707506116579198
3,XGB models,0.7569803709168332
4,SK MLP models,0.7575219916702464
