,prediction_layer,score
0,MLP_16_2,5.403479493918524
1,Random forest models,4.876038000142789
