,prediction_layer,score
0,MLP_16_2,17.66196340549185
1,Random forest models,17.876037443899257
