,prediction_layer,score
0,MLP_16_2,17.929392295876273
1,Random forest models,18.15211624815292
