,prediction_layer,score
0,MLP_16_2,17.435536172955672
1,Random forest models,17.709983607544242
