,prediction_layer,score
0,MLP_16_2,0.7334093934208025
1,Linear models,0.6803574824111047
2,Random forest models,0.8665145464917284
3,XGB models,0.8516828294352539
4,SK MLP models,0.7824681498383723
