,prediction_layer,score
0,MLP_16_2,0.5329910629397224
1,Linear models,0.5329910629397224
2,Random forest models,0.5185396463205932
3,XGB models,0.4776573493059517
4,SK MLP models,0.47271344362046014
