,prediction_layer,score
0,MLP_16_2,0.5419281232173417
1,Linear models,0.5329910629397224
2,Random forest models,0.4964822209545541
3,XGB models,0.47195284274576915
4,SK MLP models,0.46929073968435064
