,prediction_layer,score
0,MLP_16_2,0.9518919946757939
1,Linear models,0.9568359003612854
2,Random forest models,0.964822209545541
3,XGB models,0.964822209545541
4,SK MLP models,0.9621601064841224
