,prediction_layer,score
0,MLP_16_2,0.5884509624197983
1,Random forest models,0.5582034830430798
