,prediction_layer,score
0,MLP_16_2,0.5912007332722273
1,Random forest models,0.5664527956003667
