,prediction_layer,score
0,MLP_16_2,0.5866177818515124
1,Random forest models,0.5582034830430798
