,prediction_layer,score
0,MLP_16_2,0.8314732142857143
1,Linear models,0.8292410714285714
2,Random forest models,0.8592354910714286
3,XGB models,0.8641183035714286
4,SK MLP models,0.8565848214285714
