,prediction_layer,score
0,MLP_16_2,0.8228782287822878
1,Random forest models,0.8523985239852399
