,prediction_layer,score
0,MLP_16_2,0.6937269372693727
1,Random forest models,0.7749077490774908
