,prediction_layer,score
0,MLP_16_2,0.8726937269372693
1,Random forest models,0.9132841328413284
