,prediction_layer,score
0,MLP_16_2,0.6536802196365538
1,Linear models,0.6536802196365538
2,Random forest models,0.6536802196365538
3,XGB models,0.6536802196365538
4,SK MLP models,0.6536802196365538
