,prediction_layer,score
0,MLP_16_2,0.8260837084212689
1,Linear models,0.8306407933810208
2,Random forest models,0.8083596361802663
3,XGB models,0.8439385167061988
4,SK MLP models,0.8441066059055339
