,prediction_layer,score
0,MLP_16_2,0.7570364006499449
1,Linear models,0.7559531591431187
2,Random forest models,0.7998431167472873
3,XGB models,0.832134919597333
4,SK MLP models,0.8240853146069514
