,prediction_layer,score
0,MLP_16_2,0.7601180359710886
1,Linear models,0.7651233587957342
2,Random forest models,0.8018788637170124
3,XGB models,0.839325402013335
4,SK MLP models,0.8374764208206488
