,prediction_layer,score
0,MLP_16_2,0.7714920717927647
1,Linear models,0.7770390153708234
2,Random forest models,0.8039332872644417
3,XGB models,0.8447229329697626
4,SK MLP models,0.8409315876958706
