,prediction_layer,score
0,MLP_16_2,0.831742711465551
1,Linear models,0.8401658480100106
2,Random forest models,0.8110490633696281
3,XGB models,0.8455260258110304
4,SK MLP models,0.8451338176792484
