,prediction_layer,score
0,MLP_16_2,0.6151317632557011
1,Linear models,0.6151317632557011
2,Random forest models,0.5888538184263116
3,XGB models,0.5801878863717013
4,SK MLP models,0.6151317632557011
