,prediction_layer,score
0,MLP_16_2,0.6151317632557011
1,Linear models,0.6151317632557011
2,Random forest models,0.5869488075005136
3,XGB models,0.5553293614478083
4,SK MLP models,0.6151317632557011
