,prediction_layer,score
0,MLP_16_2,3.2553364749212133
1,Random forest models,2.9673216932446196
