,prediction_layer,score
0,MLP_16_2,0.7682403433476395
1,Linear models,0.7639484978540773
2,Random forest models,0.7751072961373391
3,XGB models,0.7759656652360515
4,SK MLP models,0.7708154506437769
