,prediction_layer,score
0,MLP_16_2,0.7639484978540773
1,Linear models,0.7605150214592274
2,Random forest models,0.7545064377682403
3,XGB models,0.7639484978540773
4,SK MLP models,0.7699570815450644
