,prediction_layer,score
0,MLP_16_2,0.7673819742489271
1,Linear models,0.7622317596566524
2,Random forest models,0.7759656652360515
3,XGB models,0.7802575107296137
4,SK MLP models,0.7639484978540773
