,prediction_layer,score
0,MLP_16_2,0.8120171673819743
1,Linear models,0.8171673819742489
2,Random forest models,0.8600858369098713
3,XGB models,0.848068669527897
4,SK MLP models,0.8652360515021459
