,prediction_layer,score
0,MLP_16_2,0.8626609442060086
1,Linear models,0.8489270386266095
2,Random forest models,0.8884120171673819
3,XGB models,0.8987124463519314
4,SK MLP models,0.886695278969957
