,prediction_layer,score
0,MLP_16_2,0.8626609442060086
1,Linear models,0.8360515021459227
2,Random forest models,0.8841201716738197
3,XGB models,0.8781115879828326
4,SK MLP models,0.8798283261802575
