,prediction_layer,score
0,MLP_16_2,0.7536480686695279
1,Linear models,0.7536480686695279
2,Random forest models,0.5888412017167381
3,XGB models,0.4412017167381974
4,SK MLP models,0.2549356223175966
