,prediction_layer,score
0,MLP_16_2,10.23942056602488
1,Random forest models,2.969137333587788
