,prediction_layer,score
0,MLP_16_2,5.572456609892348
1,Random forest models,3.0302358574200094
