,prediction_layer,score
0,MLP_16_2,6.312205953720129
1,Random forest models,2.8822397789697582
