,prediction_layer,score
0,MLP_16_2,4.0503149600803035
1,Linear models,3.7785117497408978
2,Random forest models,3.8025488616634067
3,XGB models,3.8743200231481483
4,SK MLP models,3.7016666666666667
