,prediction_layer,score
0,MLP_16_2,0.7590852512630268
1,Linear models,0.7546921143191858
2,Random forest models,0.7606960681424353
3,XGB models,0.7606960681424353
4,SK MLP models,0.7607448807751446
