,prediction_layer,score
0,MLP_16_2,0.7601347228662778
1,Linear models,0.7543504258902204
2,Random forest models,0.7605252239279525
3,XGB models,0.7605252239279525
4,SK MLP models,0.7590608449466723
