,prediction_layer,score
0,MLP_16_2,0.7948893173553315
1,Linear models,0.7896907719717863
2,Random forest models,0.7878114856124765
3,XGB models,0.8026749322724721
4,SK MLP models,0.8029922143850828
