,prediction_layer,score
0,MLP_16_2,0.7902277109315891
1,Linear models,0.784272569741049
2,Random forest models,0.7811973738803603
3,XGB models,0.8017230859346399
4,SK MLP models,0.8029434017523736
