,prediction_layer,score
0,MLP_16_2,0.7543504258902204
1,Linear models,0.7543504258902204
2,Random forest models,0.7082713006125986
3,XGB models,0.4980108852170942
4,SK MLP models,0.3611890757327996
