,prediction_layer,score
0,MLP_16_2,0.7543504258902204
1,Linear models,0.7543504258902204
2,Random forest models,0.6408122422082835
3,XGB models,0.4560076147707027
4,SK MLP models,0.28181973494740437
