,prediction_layer,score
0,MLP_16_2,0.7543504258902204
1,Linear models,0.7543504258902204
2,Random forest models,0.623630195494594
3,XGB models,0.5450906694652576
4,SK MLP models,0.2587557659922388
