,prediction_layer,score
0,MLP_16_2,0.4141507822224392
1,Random forest models,0.7932785004759232
