,prediction_layer,score
0,MLP_16_2,0.529627367135003
1,Random forest models,0.822846670739157
