,prediction_layer,score
0,MLP_16_2,0.4483811850946854
1,Random forest models,0.7916921197312157
