,prediction_layer,score
0,MLP_16_2,0.5400122174709835
1,Random forest models,0.8472816127061699
