,prediction_layer,score
0,MLP_16_2,7.543267576399034
1,Random forest models,7.436298838497832
