,prediction_layer,score
0,MLP_16_2,0.6908979841172878
1,Linear models,0.6829566279780086
2,Random forest models,0.6976175931582163
3,XGB models,0.6988393402565669
4,SK MLP models,0.6860109957238851
