,prediction_layer,score
0,MLP_16_2,0.8607208307880269
1,Linear models,0.8509468540012217
2,Random forest models,0.8906536346976176
3,XGB models,0.8821014050091631
4,SK MLP models,0.8729383017715333
