,prediction_layer,score
0,MLP_16_2,0.8167379352474038
1,Linear models,0.7587049480757483
2,Random forest models,0.8497251069028711
3,XGB models,0.8442272449602932
4,SK MLP models,0.8497251069028711
