,prediction_layer,score
0,MLP_16_2,0.6334758704948076
1,Linear models,0.39401343921808185
2,Random forest models,0.3946243127672572
3,XGB models,0.4434941967012828
4,SK MLP models,0.3665241295051924
