,prediction_layer,score
0,MLP_16_2,0.6170212765957447
1,Random forest models,0.5938104448742747
