,prediction_layer,score
0,MLP_16_2,0.6199226305609284
1,Random forest models,0.558027079303675
