,prediction_layer,score
0,MLP_16_2,0.6141199226305609
1,Random forest models,0.5754352030947776
