,prediction_layer,score
0,MLP_16_2,7.665780822306015
1,Random forest models,7.764851469777563
