,prediction_layer,score
0,MLP_16_2,6.159555789284652
1,Random forest models,6.346907182086004
