,prediction_layer,score
0,MLP_16_2,14.743045936166478
1,Random forest models,14.016871534082135
