,prediction_layer,score
0,MLP_16_2,15.200789917414246
1,Random forest models,14.288866657263428
