,prediction_layer,score
0,MLP_16_2,14.8402811888363
1,Random forest models,13.363557001182587
