,prediction_layer,score
0,MLP_16_2,0.813034188034188
1,Random forest models,0.844017094017094
