,prediction_layer,score
0,MLP_16_2,0.8012820512820513
1,Random forest models,0.8215811965811965
