,prediction_layer,score
0,MLP_16_2,0.7368922783603432
1,Linear models,0.7330791229742613
2,Random forest models,0.8179218303145853
3,XGB models,0.8150619637750238
4,SK MLP models,0.8169685414680649
