,prediction_layer,score
0,MLP_16_2,0.8493803622497617
1,Linear models,0.8226882745471878
2,Random forest models,0.877025738798856
3,XGB models,0.8732125834127741
4,SK MLP models,0.8741658722592945
