,prediction_layer,score
0,MLP_16_2,0.7476190476190476
1,Random forest models,0.7389610389610389
