,prediction_layer,score
0,MLP_16_2,0.6761904761904762
1,Random forest models,0.7281385281385281
