,prediction_layer,score
0,MLP_16_2,0.741991341991342
1,Random forest models,0.7363636363636363
