,prediction_layer,score
0,MLP_16_2,14.871634627149302
1,Random forest models,14.248633383088002
