,prediction_layer,score
0,MLP_16_2,14.998699503061793
1,Random forest models,14.417308108674408
