,prediction_layer,score
0,MLP_16_2,14.762362224984724
1,Random forest models,13.77011661874035
