,prediction_layer,score
0,MLP_16_2,32.340399386838634
1,Random forest models,16.286741469408156
