,prediction_layer,score
0,MLP_16_2,58.645196449977384
1,Random forest models,16.49500138448636
