,prediction_layer,score
0,MLP_16_2,69.8565921465556
1,Random forest models,16.031422783254175
