,prediction_layer,score
0,MLP_16_2,0.7755214050493963
1,Linear models,0.79198682766191
2,Random forest models,0.8210757409440176
3,XGB models,0.8024149286498353
4,SK MLP models,0.818331503841932
