,prediction_layer,score
0,MLP_16_2,0.8287596048298573
1,Linear models,0.8358946212952799
2,Random forest models,0.8490669593852909
3,XGB models,0.854006586169045
4,SK MLP models,0.8287596048298573
