,prediction_layer,score
0,MLP_16_2,0.6136114160263447
1,Linear models,0.42371020856201974
2,Random forest models,0.49231613611416025
3,XGB models,0.5016465422612514
4,SK MLP models,0.38638858397365533
