,prediction_layer,score
0,MLP_16_2,0.6136114160263447
1,Linear models,0.4725576289791438
2,Random forest models,0.44840834248079037
3,XGB models,0.43798024149286496
4,SK MLP models,0.3957189901207464
