,prediction_layer,score
0,MLP_16_2,0.6136114160263447
1,Linear models,0.43578485181119647
2,Random forest models,0.4621295279912184
3,XGB models,0.5631174533479693
4,SK MLP models,0.38638858397365533
