,prediction_layer,score
0,MLP_16_2,0.8142430278884463
1,Linear models,0.8037848605577689
2,Random forest models,0.8256972111553785
3,XGB models,0.827191235059761
4,SK MLP models,0.826195219123506
