,prediction_layer,score
0,MLP_16_2,0.5524744593339525
1,Random forest models,0.8287116890009287
