,prediction_layer,score
0,MLP_16_2,0.5874132059617001
1,Random forest models,0.8225200123833533
