,prediction_layer,score
0,MLP_16_2,0.6091954022988506
1,Random forest models,0.6910919540229885
