,prediction_layer,score
0,MLP_16_2,0.6364942528735632
1,Random forest models,0.7068965517241379
