,prediction_layer,score
0,MLP_16_2,0.6824712643678161
1,Random forest models,0.7413793103448276
