,prediction_layer,score
0,MLP_16_2,0.8646329837940896
1,Linear models,0.8379408960915157
2,Random forest models,0.871306005719733
3,XGB models,0.8598665395614872
4,SK MLP models,0.8627264061010487
