,prediction_layer,score
0,MLP_16_2,0.5441420914031713
1,Random forest models,0.7078609715555721
