,prediction_layer,score
0,MLP_16_2,0.8173076923076923
1,Linear models,0.8076923076923077
2,Random forest models,0.8226495726495726
3,XGB models,0.8023504273504274
4,SK MLP models,0.8194444444444444
