,prediction_layer,score
0,MLP_16_2,0.8076923076923077
1,Linear models,0.8076923076923077
2,Random forest models,0.8215811965811965
3,XGB models,0.8055555555555556
4,SK MLP models,0.8087606837606838
