,prediction_layer,score
0,MLP_16_2,0.811965811965812
1,Linear models,0.8066239316239316
2,Random forest models,0.7927350427350427
3,XGB models,0.8098290598290598
4,SK MLP models,0.8173076923076923
