,prediction_layer,score
0,MLP_16_2,0.8717948717948718
1,Linear models,0.8685897435897436
2,Random forest models,0.8952991452991453
3,XGB models,0.9017094017094017
4,SK MLP models,0.8952991452991453
