,prediction_layer,score
0,MLP_16_2,0.8888888888888888
1,Linear models,0.8728632478632479
2,Random forest models,0.8942307692307693
3,XGB models,0.905982905982906
4,SK MLP models,0.8899572649572649
