,prediction_layer,score
0,MLP_16_2,0.8076923076923077
1,Linear models,0.8076923076923077
2,Random forest models,0.7681623931623932
3,XGB models,0.8076923076923077
4,SK MLP models,0.8076923076923077
