,prediction_layer,score
0,MLP_16_2,0.8685897435897436
1,Linear models,0.8664529914529915
2,Random forest models,0.8899572649572649
3,XGB models,0.8920940170940171
4,SK MLP models,0.8899572649572649
