,prediction_layer,score
0,MLP_16_2,0.8076923076923077
1,Linear models,0.8076923076923077
2,Random forest models,0.4935897435897436
3,XGB models,0.7905982905982906
4,SK MLP models,0.8076923076923077
