,prediction_layer,score
0,MLP_16_2,0.8419161676646707
1,Linear models,0.8419161676646707
2,Random forest models,0.822754491017964
3,XGB models,0.8095808383233533
4,SK MLP models,0.8419161676646707
