,prediction_layer,score
0,MLP_16_2,0.8562874251497006
1,Linear models,0.859880239520958
2,Random forest models,0.874251497005988
3,XGB models,0.8838323353293414
4,SK MLP models,0.8658682634730539
