,prediction_layer,score
0,MLP_16_2,0.8694610778443114
1,Linear models,0.8610778443113772
2,Random forest models,0.8982035928143712
3,XGB models,0.9017964071856287
4,SK MLP models,0.8862275449101796
