,prediction_layer,score
0,MLP_16_2,0.8431137724550898
1,Linear models,0.8431137724550898
2,Random forest models,0.8455089820359282
3,XGB models,0.8419161676646707
4,SK MLP models,0.8514970059880239
