,prediction_layer,score
0,MLP_16_2,0.8526946107784431
1,Linear models,0.8479041916167664
2,Random forest models,0.8838323353293414
3,XGB models,0.8790419161676647
4,SK MLP models,0.8706586826347306
