,prediction_layer,score
0,MLP_16_2,0.8646706586826347
1,Linear models,0.8622754491017964
2,Random forest models,0.8982035928143712
3,XGB models,0.895808383233533
4,SK MLP models,0.881437125748503
