,prediction_layer,score
0,MLP_16_2,0.8574850299401198
1,Linear models,0.8550898203592814
2,Random forest models,0.8850299401197604
3,XGB models,0.888622754491018
4,SK MLP models,0.8658682634730539
