,prediction_layer,score
0,MLP_16_2,0.8594950603732162
1,Linear models,0.8386388583973655
2,Random forest models,0.8721185510428101
3,XGB models,0.8600439077936334
4,SK MLP models,0.8638858397365532
