,prediction_layer,score
0,MLP_16_2,0.7044580832265461
1,Linear models,0.7031091926890133
2,Random forest models,0.6811222769272274
3,XGB models,0.7347238146624402
4,SK MLP models,0.7339482026033587
