,prediction_layer,score
0,MLP_16_2,0.7300026977810751
1,Linear models,0.7335266743103798
2,Random forest models,0.6844945032710595
3,XGB models,0.7380791798745532
4,SK MLP models,0.7383995413772172
