,prediction_layer,score
0,MLP_16_2,17.641030725997492
1,Random forest models,17.91610393490391
