,prediction_layer,score
0,MLP_16_2,17.30056973869895
1,Random forest models,18.21901463112713
