,prediction_layer,score
0,MLP_16_2,17.458801215846886
1,Random forest models,18.154996855703466
