,prediction_layer,score
0,MLP_16_2,24.662191114283548
1,Random forest models,14.820193982527618
