,prediction_layer,score
0,MLP_16_2,48.99718909044785
1,Random forest models,15.47562745307134
