,prediction_layer,score
0,MLP_16_2,30.770902725673384
1,Random forest models,14.042035623196366
