,prediction_layer,score
0,MLP_16_2,0.4728186386477844
1,Random forest models,0.7752398355413431
