,prediction_layer,score
0,MLP_16_2,0.5536774783005939
1,Random forest models,0.7743261763362266
