,prediction_layer,score
0,MLP_16_2,0.4582000913659205
1,Random forest models,0.8008222932846049
