,prediction_layer,score
0,MLP_16_2,0.48692403486924035
1,Random forest models,0.6400996264009963
