,prediction_layer,score
0,MLP_16_2,0.4806973848069738
1,Random forest models,0.6077210460772104
