,prediction_layer,score
0,MLP_16_2,0.5193026151930261
1,Random forest models,0.6438356164383562
