,prediction_layer,score
0,MLP_16_2,0.486369536996971
1,Random forest models,0.7027260926006058
