,prediction_layer,score
0,MLP_16_2,0.49415837299870186
1,Random forest models,0.7005625270445694
