,prediction_layer,score
0,MLP_16_2,0.4954565123323237
1,Random forest models,0.7187364777152748
