,prediction_layer,score
0,MLP_16_2,3.2868065865813856
1,Random forest models,3.2751375173196418
