,prediction_layer,score
0,MLP_16_2,3.3486610223642654
1,Random forest models,3.2947103819592405
