,prediction_layer,score
0,MLP_16_2,3.220701388559408
1,Random forest models,3.165921128787482
