,prediction_layer,score
0,MLP_16_2,0.5125748502994012
1,Random forest models,0.8239520958083832
