,prediction_layer,score
0,MLP_16_2,0.4874251497005988
1,Random forest models,0.8251497005988024
