,prediction_layer,score
0,MLP_16_2,0.578443113772455
1,Random forest models,0.874251497005988
