,prediction_layer,score
0,MLP_16_2,0.8925669575684623
1,Linear models,0.8723292205838098
2,Random forest models,0.9112247968702979
3,XGB models,0.9111495636473067
4,SK MLP models,0.9111495636473067
