,prediction_layer,score
0,MLP_16_2,0.73344869094192
1,Linear models,0.73344869094192
2,Random forest models,0.7149413180860668
3,XGB models,0.56974119771291
4,SK MLP models,0.73344869094192
