,prediction_layer,score
0,MLP_16_2,0.9180710201625037
1,Linear models,0.9406409870598856
2,Random forest models,0.9489918748119169
3,XGB models,0.9480138429130304
4,SK MLP models,0.9460577791152573
