,prediction_layer,score
0,MLP_16_2,0.7893426294820717
1,Random forest models,0.8247011952191236
