,prediction_layer,score
0,MLP_16_2,0.7186254980079682
1,Random forest models,0.7913346613545816
