,prediction_layer,score
0,MLP_16_2,0.8391434262948207
1,Random forest models,0.8301792828685259
