,prediction_layer,score
0,MLP_16_2,0.8410419444159574
1,Linear models,0.7582812019280074
2,Random forest models,0.8764229309814378
3,XGB models,0.8748846272177213
4,SK MLP models,0.8687314121628551
