,prediction_layer,score
0,MLP_16_2,0.6682391549584658
1,Linear models,0.6682391549584658
2,Random forest models,0.5221002974053943
3,XGB models,0.38908829863603733
4,SK MLP models,0.6682391549584658
