,prediction_layer,score
0,MLP_16_2,0.6682391549584658
1,Linear models,0.6682391549584658
2,Random forest models,0.6492667418726285
3,XGB models,0.43000717875089733
4,SK MLP models,0.34560557891498306
