,prediction_layer,score
0,MLP_16_2,0.5952121871599565
1,Random forest models,0.6300326441784548
