,prediction_layer,score
0,MLP_16_2,0.5788900979325353
1,Random forest models,0.5973884657236126
