,prediction_layer,score
0,MLP_16_2,0.588683351468988
1,Random forest models,0.6637649619151251
