,prediction_layer,score
0,MLP_16_2,0.6213704994192799
1,Linear models,0.6144018583042973
2,Random forest models,0.667828106852497
3,XGB models,0.6480836236933798
4,SK MLP models,0.6004645760743321
