,prediction_layer,score
0,MLP_16_2,0.6213704994192799
1,Linear models,0.6202090592334495
2,Random forest models,0.6782810685249709
3,XGB models,0.6875725900116144
4,SK MLP models,0.6515679442508711
