,prediction_layer,score
0,MLP_16_2,4.37629086827197
1,Random forest models,3.923420030055637
,prediction_layer,score
0,MLP_16_2,24.565511162763826
1,Random forest models,4.000179739022673
