,prediction_layer,score
0,MLP_16_2,3.8738681955553638
1,Random forest models,3.850490186766873
