,prediction_layer,score
0,MLP_16_2,0.9132841328413284
1,Linear models,0.9077490774907749
2,Random forest models,0.922509225092251
3,XGB models,0.9169741697416974
4,SK MLP models,0.9169741697416974
