,prediction_layer,score
0,MLP_16_2,0.9364864864864865
1,Linear models,0.9243243243243243
2,Random forest models,0.9364864864864865
3,XGB models,0.9418918918918919
4,SK MLP models,0.9364864864864865
