,prediction_layer,score
0,MLP_16_2,0.9445945945945946
1,Linear models,0.9364864864864865
2,Random forest models,0.9472972972972973
3,XGB models,0.9472972972972973
4,SK MLP models,0.9445945945945946
