,prediction_layer,score
0,MLP_16_2,0.9662162162162162
1,Linear models,0.9581081081081081
2,Random forest models,0.972972972972973
3,XGB models,0.9743243243243244
4,SK MLP models,0.9716216216216216
