,prediction_layer,score
0,MLP_16_2,0.9581081081081081
1,Linear models,0.9513513513513514
2,Random forest models,0.9702702702702702
3,XGB models,0.9662162162162162
4,SK MLP models,0.9621621621621622
