,prediction_layer,score
0,MLP_16_2,0.9608108108108108
1,Linear models,0.9324324324324325
2,Random forest models,0.9662162162162162
3,XGB models,0.9648648648648649
4,SK MLP models,0.9635135135135136
