,prediction_layer,score
0,MLP_16_2,0.9108108108108108
1,Linear models,0.9108108108108108
2,Random forest models,0.9108108108108108
3,XGB models,0.9108108108108108
4,SK MLP models,0.9108108108108108
