,prediction_layer,score
0,MLP_16_2,7.451749214040158
1,Random forest models,7.4646069786553655
,prediction_layer,score
0,MLP_16_2,70.3311088362283
1,Random forest models,7.57082500043785
