,prediction_layer,score
0,MLP_16_2,6.638427281587274
1,Random forest models,6.949988115304809
