,prediction_layer,score
0,MLP_16_2,0.8205268935236004
1,Random forest models,0.8644346871569704
