,prediction_layer,score
0,MLP_16_2,0.7469813391877058
1,Random forest models,0.8298572996706916
