,prediction_layer,score
0,MLP_16_2,0.8605927552140505
1,Random forest models,0.8644346871569704
