,prediction_layer,score
0,MLP_16_2,4.782037227945666
1,Random forest models,4.301556187095371
