,prediction_layer,score
0,MLP_16_2,0.6537433155080213
1,Random forest models,0.7072192513368984
