,prediction_layer,score
0,MLP_16_2,0.6417112299465241
1,Random forest models,0.6778074866310161
