,prediction_layer,score
0,MLP_16_2,0.6764705882352942
1,Random forest models,0.7192513368983957
