,prediction_layer,score
0,MLP_16_2,0.6195656000281621
1,Random forest models,0.8192698982645122
