,prediction_layer,score
0,MLP_16_2,65.96362613282477
1,Random forest models,14.847297742144127
