,prediction_layer,score
0,MLP_16_2,24.08111639587778
1,Random forest models,15.477059364170717
