,prediction_layer,score
0,MLP_16_2,68.92734825372283
1,Random forest models,14.538698172645402
