,prediction_layer,score
0,MLP_16_2,0.5129482071713147
1,Random forest models,0.7863545816733067
