,prediction_layer,score
0,MLP_16_2,0.48705179282868527
1,Random forest models,0.8117529880478087
