,prediction_layer,score
0,MLP_16_2,2.9738088680845167
1,Random forest models,2.9712674115851865
