,prediction_layer,score
0,MLP_16_2,3.059135980376353
1,Random forest models,2.9815358885274743
