,prediction_layer,score
0,MLP_16_2,2.963739516896506
1,Random forest models,2.915861971382412
