,prediction_layer,score
0,MLP_16_2,0.7492476677700872
1,Linear models,0.6334637375865182
2,Random forest models,0.8223743605176046
3,XGB models,0.817258501354198
4,SK MLP models,0.7857357809208546
