,prediction_layer,score
0,MLP_16_2,0.8391513692446585
1,Linear models,0.8357658742100511
2,Random forest models,0.8557026783027385
3,XGB models,0.8547998796268432
4,SK MLP models,0.8543484802888955
