,prediction_layer,score
0,MLP_16_2,0.49563647306650616
1,Linear models,0.5020312970207643
2,Random forest models,0.49593740595847124
3,XGB models,0.49563647306650616
4,SK MLP models,0.49563647306650616
