,prediction_layer,score
0,MLP_16_2,0.5043635269334938
1,Linear models,0.495034607282576
2,Random forest models,0.4972163707493229
3,XGB models,0.4954860066205236
4,SK MLP models,0.49563647306650616
