,prediction_layer,score
0,MLP_16_2,0.49563647306650616
1,Linear models,0.5094041528739092
2,Random forest models,0.4957869395124887
3,XGB models,0.49563647306650616
4,SK MLP models,0.49563647306650616
