,prediction_layer,score
0,MLP_16_2,0.6203463203463203
1,Linear models,0.6203463203463203
2,Random forest models,0.6203463203463203
3,XGB models,0.6203463203463203
4,SK MLP models,0.6203463203463203
