,prediction_layer,score
0,MLP_16_2,0.7277056277056277
1,Linear models,0.7471861471861472
2,Random forest models,0.7476190476190476
3,XGB models,0.7363636363636363
4,SK MLP models,0.7497835497835498
