,prediction_layer,score
0,MLP_16_2,0.7393939393939394
1,Linear models,0.7454545454545455
2,Random forest models,0.7614718614718615
3,XGB models,0.754978354978355
4,SK MLP models,0.7554112554112554
