,prediction_layer,score
0,MLP_16_2,0.6813852813852814
1,Linear models,0.674025974025974
2,Random forest models,0.7398268398268398
3,XGB models,0.7363636363636363
4,SK MLP models,0.7324675324675325
