,prediction_layer,score
0,MLP_16_2,0.7329004329004329
1,Linear models,0.7359307359307359
2,Random forest models,0.7393939393939394
3,XGB models,0.7567099567099567
4,SK MLP models,0.7536796536796537
