,prediction_layer,score
0,MLP_16_2,0.5069264069264069
1,Linear models,0.49826839826839825
2,Random forest models,0.49437229437229435
3,XGB models,0.49134199134199136
4,SK MLP models,0.4948051948051948
