,prediction_layer,score
0,MLP_16_2,0.7458874458874459
1,Linear models,0.7458874458874459
2,Random forest models,0.7502164502164502
3,XGB models,0.7532467532467533
4,SK MLP models,0.7545454545454545
