,prediction_layer,score
0,MLP_16_2,0.5069264069264069
1,Linear models,0.5121212121212121
2,Random forest models,0.49783549783549785
3,XGB models,0.5086580086580087
4,SK MLP models,0.5082251082251082
