,prediction_layer,score
0,MLP_16_2,0.7933266932270916
1,Linear models,0.8142430278884463
2,Random forest models,0.8127490039840638
3,XGB models,0.7973107569721115
4,SK MLP models,0.8087649402390438
