,prediction_layer,score
0,MLP_16_2,0.8067729083665338
1,Linear models,0.8097609561752988
2,Random forest models,0.8212151394422311
3,XGB models,0.8142430278884463
4,SK MLP models,0.8182270916334662
