,prediction_layer,score
0,MLP_16_2,0.7749003984063745
1,Linear models,0.7669322709163346
2,Random forest models,0.7963147410358565
3,XGB models,0.7933266932270916
4,SK MLP models,0.7863545816733067
