,prediction_layer,score
0,MLP_16_2,0.5916334661354582
1,Linear models,0.48406374501992033
2,Random forest models,0.5094621513944223
3,XGB models,0.47310756972111556
4,SK MLP models,0.4800796812749004
