,prediction_layer,score
0,MLP_16_2,0.5916334661354582
1,Linear models,0.4676294820717131
2,Random forest models,0.48705179282868527
3,XGB models,0.47758964143426297
4,SK MLP models,0.43675298804780877
