,prediction_layer,score
0,MLP_16_2,0.577056277056277
1,Linear models,0.577056277056277
2,Random forest models,0.577056277056277
3,XGB models,0.577056277056277
4,SK MLP models,0.577056277056277
