,prediction_layer,score
0,MLP_16_2,0.7424242424242424
1,Linear models,0.7532467532467533
2,Random forest models,0.7519480519480519
3,XGB models,0.7632034632034632
4,SK MLP models,0.7670995670995671
