,prediction_layer,score
0,MLP_16_2,0.7307359307359307
1,Linear models,0.7515151515151515
2,Random forest models,0.7601731601731602
3,XGB models,0.7523809523809524
4,SK MLP models,0.7606060606060606
