,prediction_layer,score
0,MLP_16_2,0.7372294372294372
1,Linear models,0.7528138528138528
2,Random forest models,0.7467532467532467
3,XGB models,0.7519480519480519
4,SK MLP models,0.7541125541125541
