,prediction_layer,score
0,MLP_16_2,0.6865800865800866
1,Linear models,0.703030303030303
2,Random forest models,0.7272727272727273
3,XGB models,0.7402597402597403
4,SK MLP models,0.7255411255411255
