,prediction_layer,score
0,MLP_16_2,0.7484848484848485
1,Linear models,0.7670995670995671
2,Random forest models,0.7515151515151515
3,XGB models,0.7363636363636363
4,SK MLP models,0.7645021645021645
