,prediction_layer,score
0,MLP_16_2,0.7257971783645129
1,Linear models,0.6985980275087347
2,Random forest models,0.7309274247047897
3,XGB models,0.7321657600283048
4,SK MLP models,0.7333156428287116
