,prediction_layer,score
0,MLP_16_2,0.6626863031267967
1,Linear models,0.5862633231612931
2,Random forest models,0.5340763345274424
3,XGB models,0.4838795276635266
4,SK MLP models,0.3615054619433019
