,prediction_layer,score
0,MLP_16_2,0.6626863031267967
1,Linear models,0.6300473220998629
2,Random forest models,0.5541550572730087
3,XGB models,0.6000176905046216
4,SK MLP models,0.44955994869753657
