,prediction_layer,score
0,MLP_16_2,0.8108974358974359
1,Linear models,0.8108974358974359
2,Random forest models,0.782051282051282
3,XGB models,0.7980769230769231
4,SK MLP models,0.8098290598290598
