,prediction_layer,score
0,MLP_16_2,0.8108974358974359
1,Linear models,0.8108974358974359
2,Random forest models,0.7852564102564102
3,XGB models,0.7777777777777778
4,SK MLP models,0.8066239316239316
