,prediction_layer,score
0,MLP_16_2,0.8514957264957265
1,Linear models,0.8493589743589743
2,Random forest models,0.8707264957264957
3,XGB models,0.875
4,SK MLP models,0.8568376068376068
