,prediction_layer,score
0,MLP_16_2,0.8397435897435898
1,Linear models,0.8525641025641025
2,Random forest models,0.8685897435897436
3,XGB models,0.8696581196581197
4,SK MLP models,0.8493589743589743
