,prediction_layer,score
0,MLP_16_2,0.8482905982905983
1,Linear models,0.8461538461538461
2,Random forest models,0.8482905982905983
3,XGB models,0.8664529914529915
4,SK MLP models,0.8386752136752137
