,prediction_layer,score
0,MLP_16_2,0.8514957264957265
1,Linear models,0.8504273504273504
2,Random forest models,0.8771367521367521
3,XGB models,0.8728632478632479
4,SK MLP models,0.8675213675213675
