,prediction_layer,score
0,MLP_16_2,0.8311965811965812
1,Linear models,0.8536324786324786
2,Random forest models,0.8814102564102564
3,XGB models,0.8824786324786325
4,SK MLP models,0.8579059829059829
