,prediction_layer,score
0,MLP_16_2,10.624698973612652
1,Random forest models,3.2249445614980354
