,prediction_layer,score
0,MLP_16_2,3.711062046430177
1,Random forest models,3.218367428808981
