,prediction_layer,score
0,MLP_16_2,12.675929350695673
1,Random forest models,3.0743117292759314
