,prediction_layer,score
0,MLP_16_2,6.8820531534031035
1,Random forest models,2.9904802072566308
