,prediction_layer,score
0,MLP_16_2,4.2754683350419835
1,Random forest models,2.955425872321955
