,prediction_layer,score
0,MLP_16_2,3.884628223482934
1,Random forest models,2.8169494870286034
