,prediction_layer,score
0,MLP_16_2,0.7722402557781954
1,Linear models,0.7701901252044029
2,Random forest models,0.7788787738266664
3,XGB models,0.8012349596075464
4,SK MLP models,0.7966221658165134
