,prediction_layer,score
0,MLP_16_2,0.8069704439508945
1,Linear models,0.8070924755326678
2,Random forest models,0.792765967832475
3,XGB models,0.8143655578063603
4,SK MLP models,0.8132916798867547
