,prediction_layer,score
0,MLP_16_2,0.564207189586565
1,Linear models,0.564207189586565
2,Random forest models,0.564207189586565
3,XGB models,0.564207189586565
4,SK MLP models,0.564207189586565
