,prediction_layer,score
0,MLP_16_2,0.6712753760032374
1,Linear models,0.6705840696027517
2,Random forest models,0.649136710055979
3,XGB models,0.6836345855533823
4,SK MLP models,0.6816618331422405
