,prediction_layer,score
0,MLP_16_2,0.5173669656707358
1,Linear models,0.5173669656707358
2,Random forest models,0.5068624806096985
3,XGB models,0.5052943953598166
4,SK MLP models,0.5173669656707358
