,prediction_layer,score
0,MLP_16_2,0.5840358804882984
1,Linear models,0.5840358804882984
2,Random forest models,0.5840358804882984
3,XGB models,0.5840358804882984
4,SK MLP models,0.5840358804882984
