,prediction_layer,score
0,MLP_16_2,0.7009172455655224
1,Linear models,0.6939198759020705
2,Random forest models,0.6665373979901531
3,XGB models,0.7275241114183584
4,SK MLP models,0.7179975719970324
