,prediction_layer,score
0,MLP_16_2,0.7320934781142511
1,Linear models,0.7314021717137654
2,Random forest models,0.6795373305456263
3,XGB models,0.7365448168881096
4,SK MLP models,0.7373372900789101
