,prediction_layer,score
0,MLP_16_2,0.7319585890604977
1,Linear models,0.731149254737978
2,Random forest models,0.678997774330613
3,XGB models,0.7357186214338707
4,SK MLP models,0.7352970931408916
