,prediction_layer,score
0,MLP_16_2,0.5656235246509745
1,Linear models,0.5656235246509745
2,Random forest models,0.5457442503540838
3,XGB models,0.5432488028596479
4,SK MLP models,0.5656235246509745
