,prediction_layer,score
0,MLP_16_2,0.5656235246509745
1,Linear models,0.5656235246509745
2,Random forest models,0.5378701018412356
3,XGB models,0.5494874215957375
4,SK MLP models,0.5656235246509745
