,prediction_layer,score
0,MLP_16_2,3.4829983863878207
1,Linear models,4.091115380279714
2,Random forest models,3.3692995530700354
3,XGB models,3.48031177662037
4,SK MLP models,3.8638816550925927
