,prediction_layer,score
0,MLP_16_2,44.77442821236914
1,Random forest models,13.245716032328332
