,prediction_layer,score
0,MLP_16_2,27.141821182849988
1,Random forest models,12.746409423085737
