,prediction_layer,score
0,MLP_16_2,44.68092931849744
1,Random forest models,11.889461385315073
