,prediction_layer,score
0,MLP_16_2,0.7241518850745262
1,Linear models,0.7206953530720982
2,Random forest models,0.6790820799892089
3,XGB models,0.7364942334929521
4,SK MLP models,0.7356680380387132
