,prediction_layer,score
0,MLP_16_2,12.42739640587044
1,Random forest models,11.532905043971507
