,prediction_layer,score
0,MLP_16_2,13.43921833553593
1,Random forest models,11.781249363432684
