,prediction_layer,score
0,MLP_16_2,11.817202214179561
1,Random forest models,10.72846454569552
