,prediction_layer,score
0,MLP_16_2,0.5348837209302325
1,Random forest models,0.7131782945736435
