,prediction_layer,score
0,MLP_16_2,0.5333333333333333
1,Random forest models,0.7472868217054264
